match_id,season,date,target_runs,wickets_lost_inn1,winner,is_high_target,run_wickets_pressure_inn1,chasing_team_won,city_encoded,venue_encoded,team1_bat_first_encoded,team2_chase_encoded,toss_winner_encoded,toss_decision_encoded
335982,2008,18-04-2008,223,3,Kolkata Knight Riders,1,55.75,0,2,16,3,8,8,1
335983,2008,19-04-2008,241,5,Chennai Super Kings,1,40.166666666666664,0,6,26,0,6,0,0
335984,2008,19-04-2008,130,8,Delhi Capitals,0,14.444444444444445,1,9,11,7,1,7,0
335985,2008,20-04-2008,166,7,Royal Challengers Bengaluru,0,20.75,1,23,37,5,8,5,0
335986,2008,20-04-2008,111,10,Kolkata Knight Riders,0,10.090909090909092,1,20,10,9,3,9,0
335987,2008,21-04-2008,167,8,Rajasthan Royals,0,18.555555555555557,1,17,29,6,7,6,0
335988,2008,22-04-2008,143,8,Delhi Capitals,0,15.88888888888889,1,15,27,9,1,9,0
335989,2008,23-04-2008,209,5,Chennai Super Kings,1,34.833333333333336,0,7,18,0,5,5,1
335990,2008,24-04-2008,215,5,Rajasthan Royals,1,35.833333333333336,1,15,27,9,7,7,1
335991,2008,25-04-2008,183,10,Punjab Kings,0,16.636363636363637,0,6,26,6,5,5,1
335992,2008,26-04-2008,136,8,Rajasthan Royals,0,15.11111111111111,1,2,16,8,7,7,1
335993,2008,26-04-2008,148,9,Chennai Super Kings,0,14.8,1,7,18,3,0,3,0
335994,2008,27-04-2008,155,7,Sunrisers Hyderabad,0,19.375,1,23,7,5,9,9,1
335995,2008,27-04-2008,159,8,Punjab Kings,0,17.666666666666668,1,6,26,1,6,1,0
335996,2008,28-04-2008,179,5,Chennai Super Kings,0,29.833333333333332,0,2,16,0,8,0,0
335997,2008,29-04-2008,138,8,Mumbai Indians,0,15.333333333333334,1,20,10,3,5,3,0
335998,2008,30-04-2008,192,5,Delhi Capitals,1,32.0,0,9,11,1,8,8,1
335999,2008,01-05-2008,165,8,Punjab Kings,0,18.333333333333332,1,15,27,9,6,6,1
336000,2008,01-05-2008,197,7,Rajasthan Royals,1,24.625,0,17,29,7,3,7,0
336001,2008,02-05-2008,170,6,Delhi Capitals,0,24.285714285714285,1,7,18,0,1,0,0
336002,2008,25-05-2008,166,10,Royal Challengers Bengaluru,0,15.090909090909092,1,15,27,9,8,9,0
336003,2008,03-05-2008,179,6,Punjab Kings,0,25.571428571428573,0,6,26,6,3,6,0
336004,2008,04-05-2008,163,8,Mumbai Indians,0,18.11111111111111,0,23,7,5,1,1,1
336005,2008,04-05-2008,110,10,Rajasthan Royals,0,10.0,1,17,29,0,7,0,0
336006,2008,05-05-2008,127,10,Punjab Kings,0,11.545454545454545,1,2,16,8,6,6,1
336007,2008,06-05-2008,145,7,Sunrisers Hyderabad,0,18.125,1,7,18,0,9,9,1
336008,2008,07-05-2008,104,10,Mumbai Indians,0,9.454545454545455,1,23,7,7,5,5,1
336009,2008,08-05-2008,188,5,Chennai Super Kings,0,31.333333333333332,1,9,11,1,0,0,1
336010,2008,08-05-2008,130,7,Kolkata Knight Riders,0,16.25,0,20,10,3,8,3,0
336011,2008,09-05-2008,141,8,Rajasthan Royals,0,15.666666666666666,1,17,29,9,7,7,1
336012,2008,28-05-2008,123,9,Mumbai Indians,0,12.3,1,2,16,8,5,5,1
336013,2008,10-05-2008,182,4,Chennai Super Kings,0,36.4,0,7,18,0,6,6,1
336014,2008,11-05-2008,205,4,Kolkata Knight Riders,1,41.0,0,15,27,3,9,3,0
336015,2008,11-05-2008,157,7,Rajasthan Royals,0,19.625,1,17,29,1,7,7,1
336016,2008,12-05-2008,144,8,Punjab Kings,0,16.0,1,6,26,8,6,8,0
336017,2008,13-05-2008,134,6,Kolkata Knight Riders,0,19.142857142857142,0,20,10,3,1,3,0
336018,2008,14-05-2008,157,6,Mumbai Indians,0,22.428571428571427,1,23,37,0,5,5,1
336019,2008,28-05-2008,222,3,Punjab Kings,1,55.5,0,6,26,6,7,7,1
336020,2008,15-05-2008,195,4,Delhi Capitals,1,39.0,0,9,11,1,9,9,1
336021,2008,16-05-2008,68,10,Mumbai Indians,0,6.181818181818182,1,23,37,3,5,5,1
336022,2008,17-05-2008,89,4,Punjab Kings,0,17.8,1,9,11,1,6,1,0
336023,2008,17-05-2008,198,1,Rajasthan Royals,1,99.0,0,17,29,7,8,8,1
336024,2008,18-05-2008,179,7,Mumbai Indians,0,22.375,0,15,27,5,9,9,1
336025,2008,18-05-2008,53,5,Chennai Super Kings,0,8.833333333333334,1,20,10,3,0,3,0
336026,2008,19-05-2008,155,7,Delhi Capitals,0,19.375,1,2,16,8,1,1,1
336027,2008,20-05-2008,148,8,Rajasthan Royals,0,16.444444444444443,1,20,10,3,7,7,1
336028,2008,21-05-2008,190,4,Punjab Kings,1,38.0,0,23,37,6,5,5,1
336029,2008,21-05-2008,127,8,Royal Challengers Bengaluru,0,14.11111111111111,0,7,18,8,0,8,0
336031,2008,23-05-2008,176,4,Punjab Kings,0,35.2,1,6,26,9,6,6,1
336032,2008,24-05-2008,177,8,Delhi Capitals,0,19.666666666666668,1,9,11,5,1,1,1
336033,2008,24-05-2008,212,5,Rajasthan Royals,1,35.333333333333336,0,7,18,7,0,7,0
336034,2008,03-05-2008,157,8,Royal Challengers Bengaluru,0,17.444444444444443,0,2,16,8,9,9,1
336035,2008,25-05-2008,175,6,Kolkata Knight Riders,0,25.0,1,20,10,6,3,6,0
336036,2008,26-05-2008,146,7,Rajasthan Royals,0,18.25,1,17,29,5,7,7,1
336037,2008,27-05-2008,148,8,Chennai Super Kings,0,16.444444444444443,1,15,27,9,0,9,0
336038,2008,30-05-2008,193,9,Rajasthan Royals,1,19.3,0,23,37,7,1,1,1
336039,2008,31-05-2008,113,8,Chennai Super Kings,0,12.555555555555555,1,23,37,6,0,6,0
336040,2008,01-06-2008,164,5,Rajasthan Royals,0,27.333333333333332,1,23,7,0,7,7,1
392181,2009,18-04-2009,166,7,Mumbai Indians,0,20.75,0,4,23,5,0,0,1
392182,2009,18-04-2009,134,8,Royal Challengers Bengaluru,0,14.88888888888889,0,4,23,8,7,8,0
392183,2009,19-04-2009,54,7,Delhi Capitals,0,6.75,1,4,23,6,1,1,1
392184,2009,19-04-2009,102,10,Sunrisers Hyderabad,0,9.272727272727273,1,4,23,3,9,3,0
392185,2009,20-04-2009,180,5,Chennai Super Kings,0,30.0,0,26,33,0,8,0,0
392186,2009,21-04-2009,69,6,Kolkata Knight Riders,0,9.857142857142858,1,12,15,6,3,3,1
392188,2009,22-04-2009,185,6,Sunrisers Hyderabad,0,26.428571428571427,0,4,23,9,8,9,0
392189,2009,23-04-2009,190,5,Delhi Capitals,1,31.666666666666668,0,12,15,1,0,1,0
392191,2009,24-04-2009,169,9,Punjab Kings,0,16.9,1,12,15,8,6,8,0
392192,2009,25-04-2009,169,9,Sunrisers Hyderabad,0,16.9,0,12,15,9,5,9,0
392194,2009,26-04-2009,150,7,Delhi Capitals,0,18.75,1,26,33,8,1,8,0
392195,2009,26-04-2009,140,6,Punjab Kings,0,20.0,0,4,23,6,7,6,0
392196,2009,27-04-2009,166,6,Sunrisers Hyderabad,0,23.714285714285715,1,12,15,0,9,9,1
392197,2009,27-04-2009,188,6,Mumbai Indians,0,26.857142857142858,0,26,33,5,3,5,0
392198,2009,28-04-2009,144,7,Rajasthan Royals,0,18.0,1,5,35,1,7,1,0
392199,2009,29-04-2009,140,6,Royal Challengers Bengaluru,0,20.0,1,12,15,3,8,3,0
392200,2009,29-04-2009,120,8,Punjab Kings,0,13.333333333333334,0,12,15,6,5,6,0
392201,2009,30-04-2009,149,9,Delhi Capitals,0,14.9,1,5,35,9,1,1,1
392202,2009,30-04-2009,165,5,Chennai Super Kings,0,27.5,0,5,35,0,7,7,1
392203,2009,01-05-2009,149,6,Mumbai Indians,0,21.285714285714285,0,13,5,5,3,5,0
392204,2009,01-05-2009,146,9,Royal Challengers Bengaluru,0,14.6,0,12,15,8,6,8,0
392205,2009,02-05-2009,142,5,Rajasthan Royals,0,23.666666666666668,1,26,33,9,7,9,0
392206,2009,02-05-2009,164,10,Chennai Super Kings,0,14.909090909090908,0,18,22,0,1,1,1
392207,2009,03-05-2009,154,3,Punjab Kings,0,38.5,1,26,33,3,6,3,0
392208,2009,03-05-2009,150,4,Royal Challengers Bengaluru,0,30.0,1,18,22,5,8,5,0
392209,2009,04-05-2009,179,3,Chennai Super Kings,0,44.75,0,13,5,0,9,0,0
392210,2009,05-05-2009,212,4,Rajasthan Royals,1,42.4,0,12,15,7,6,6,1
392211,2009,05-05-2009,155,3,Delhi Capitals,0,38.75,1,12,15,3,1,3,0
392212,2009,06-05-2009,146,6,Sunrisers Hyderabad,0,20.857142857142858,0,5,35,9,5,9,0
392213,2009,07-05-2009,106,10,Rajasthan Royals,0,9.636363636363637,1,5,35,8,7,7,1
392214,2009,07-05-2009,187,3,Chennai Super Kings,0,46.75,0,5,35,0,6,0,0
392215,2009,08-05-2009,117,10,Delhi Capitals,0,10.636363636363637,1,13,5,5,1,5,0
392216,2009,09-05-2009,169,5,Punjab Kings,0,28.166666666666668,1,19,6,9,6,6,1
392217,2009,09-05-2009,141,7,Chennai Super Kings,0,17.625,1,19,6,7,0,7,0
392218,2009,10-05-2009,158,2,Mumbai Indians,0,52.666666666666664,0,26,33,5,8,5,0
392219,2009,10-05-2009,124,8,Delhi Capitals,0,13.777777777777779,1,18,22,3,1,1,1
392220,2009,11-05-2009,167,7,Sunrisers Hyderabad,0,20.875,0,19,6,9,7,9,0
392221,2009,12-05-2009,174,4,Royal Challengers Bengaluru,0,34.8,1,5,35,3,8,8,1
392222,2009,12-05-2009,120,9,Mumbai Indians,0,12.0,1,5,35,6,5,6,0
392223,2009,13-05-2009,174,7,Delhi Capitals,0,21.75,0,12,15,1,9,9,1
392224,2009,14-05-2009,130,10,Royal Challengers Bengaluru,0,11.818181818181818,1,12,15,0,8,0,0
392225,2009,14-05-2009,146,7,Rajasthan Royals,0,18.25,0,12,15,7,5,7,0
392226,2009,15-05-2009,121,9,Punjab Kings,0,12.1,1,3,24,1,6,6,1
392227,2009,16-05-2009,148,5,Chennai Super Kings,0,24.666666666666668,1,26,33,5,0,5,0
392228,2009,16-05-2009,161,5,Sunrisers Hyderabad,0,26.833333333333332,1,18,22,3,9,9,1
392229,2009,17-05-2009,135,7,Punjab Kings,0,16.875,0,18,22,6,9,9,1
392230,2009,17-05-2009,151,3,Delhi Capitals,0,37.75,0,3,24,1,7,1,0
392231,2009,18-05-2009,189,3,Kolkata Knight Riders,0,47.25,1,5,35,0,3,0,0
392232,2009,19-05-2009,135,7,Royal Challengers Bengaluru,0,16.875,1,18,22,1,8,1,0
392233,2009,20-05-2009,102,9,Kolkata Knight Riders,0,10.2,1,12,15,7,3,3,1
392234,2009,20-05-2009,117,9,Chennai Super Kings,0,11.7,0,12,15,0,6,0,0
392235,2009,21-05-2009,166,8,Delhi Capitals,0,18.444444444444443,1,5,35,5,1,1,1
392236,2009,21-05-2009,171,4,Royal Challengers Bengaluru,0,34.2,0,5,35,8,9,8,0
392237,2009,22-05-2009,154,8,Sunrisers Hyderabad,0,17.11111111111111,1,5,35,1,9,9,1
392238,2009,23-05-2009,147,5,Royal Challengers Bengaluru,0,24.5,1,18,22,0,8,8,1
392239,2009,24-05-2009,144,6,Sunrisers Hyderabad,0,20.571428571428573,0,18,22,9,8,8,1
419106,2010,12-03-2010,162,4,Kolkata Knight Riders,0,32.4,0,23,7,3,9,9,1
419107,2010,13-03-2010,213,7,Mumbai Indians,1,26.625,0,23,4,5,7,5,0
419108,2010,13-03-2010,143,9,Delhi Capitals,0,14.3,1,6,26,6,1,1,1
419109,2010,14-03-2010,136,7,Kolkata Knight Riders,0,17.0,1,20,10,8,3,3,1
419110,2010,14-03-2010,191,4,Sunrisers Hyderabad,1,38.2,0,7,18,9,0,9,0
419111,2010,15-03-2010,142,6,Delhi Capitals,0,20.285714285714285,1,1,28,7,1,1,1
419112,2010,16-03-2010,204,3,Royal Challengers Bengaluru,1,51.0,1,2,16,6,8,6,0
419113,2010,16-03-2010,165,3,Chennai Super Kings,0,41.25,0,20,10,0,3,0,0
419114,2010,17-03-2010,219,7,Mumbai Indians,1,27.375,0,9,11,5,1,1,1
419115,2010,18-03-2010,93,10,Royal Challengers Bengaluru,0,8.454545454545455,1,2,16,7,8,8,1
419116,2010,19-03-2010,186,6,Chennai Super Kings,0,26.571428571428573,1,9,11,1,0,1,0
419117,2010,19-03-2010,171,8,Sunrisers Hyderabad,0,19.0,0,8,1,9,6,6,1
419118,2010,20-03-2010,169,7,Rajasthan Royals,0,21.125,0,1,28,7,3,7,0
419119,2010,20-03-2010,152,9,Royal Challengers Bengaluru,0,15.2,1,23,4,5,8,5,0
419120,2010,21-03-2010,172,6,Sunrisers Hyderabad,0,24.571428571428573,0,8,1,9,1,9,0
419122,2010,22-03-2010,156,3,Mumbai Indians,0,39.0,1,23,4,3,5,3,0
419123,2010,23-03-2010,172,5,Royal Challengers Bengaluru,0,28.666666666666668,0,2,16,8,0,0,1
419124,2010,24-03-2010,184,5,Rajasthan Royals,0,30.666666666666668,0,6,26,7,6,6,1
419125,2010,25-03-2010,181,2,Mumbai Indians,0,60.333333333333336,1,23,4,0,5,5,1
419126,2010,26-03-2010,149,9,Rajasthan Royals,0,14.9,1,1,28,9,7,9,0
419127,2010,27-03-2010,184,5,Kolkata Knight Riders,0,30.666666666666668,0,6,26,3,6,3,0
419128,2010,25-03-2010,184,4,Delhi Capitals,0,36.8,0,2,16,1,8,8,1
419129,2010,28-03-2010,178,8,Rajasthan Royals,0,19.77777777777778,0,1,28,7,0,7,0
419130,2010,28-03-2010,173,7,Mumbai Indians,0,21.625,0,23,7,5,9,9,1
419131,2010,29-03-2010,178,4,Delhi Capitals,0,35.6,0,9,11,1,3,1,0
419132,2010,30-03-2010,164,10,Mumbai Indians,0,14.909090909090908,1,23,4,6,5,5,1
419133,2010,31-03-2010,162,4,Chennai Super Kings,0,32.4,1,7,18,8,0,8,0
419134,2010,31-03-2010,189,6,Delhi Capitals,0,27.0,0,9,11,1,7,1,0
419135,2010,01-04-2010,182,6,Kolkata Knight Riders,0,26.0,0,20,10,3,9,3,0
419136,2010,02-04-2010,182,5,Royal Challengers Bengaluru,0,30.333333333333332,1,6,26,6,8,6,0
419137,2010,03-04-2010,247,5,Chennai Super Kings,1,41.166666666666664,0,7,18,0,7,0,0
419138,2010,03-04-2010,179,5,Mumbai Indians,0,29.833333333333332,0,23,4,5,9,5,0
419139,2010,04-04-2010,201,3,Punjab Kings,1,50.25,1,20,10,3,6,3,0
419140,2010,04-04-2010,185,5,Delhi Capitals,0,30.833333333333332,0,9,11,1,8,1,0
419141,2010,05-04-2010,160,10,Rajasthan Royals,0,14.545454545454545,0,24,36,7,9,7,0
419142,2010,06-04-2010,166,4,Chennai Super Kings,0,33.2,0,7,18,0,5,0,0
419143,2010,07-04-2010,154,6,Rajasthan Royals,0,22.0,1,17,29,6,7,6,0
419144,2010,07-04-2010,182,3,Kolkata Knight Riders,0,45.5,0,20,10,3,1,3,0
419145,2010,08-04-2010,185,6,Sunrisers Hyderabad,0,26.428571428571427,1,2,16,8,9,9,1
419146,2010,09-04-2010,155,9,Punjab Kings,0,15.5,1,6,26,5,6,5,0
419147,2010,10-04-2010,139,8,Sunrisers Hyderabad,0,15.444444444444445,1,24,36,0,9,0,0
419148,2010,10-04-2010,161,9,Royal Challengers Bengaluru,0,16.1,1,2,16,3,8,8,1
419149,2010,11-04-2010,112,10,Punjab Kings,0,10.181818181818182,1,9,11,1,6,1,0
419150,2010,11-04-2010,175,5,Mumbai Indians,0,29.166666666666668,0,17,29,5,7,7,1
419151,2010,12-04-2010,152,6,Sunrisers Hyderabad,0,21.714285714285715,0,24,36,9,8,8,1
419152,2010,13-04-2010,184,4,Mumbai Indians,0,36.8,0,23,4,5,1,5,0
419153,2010,13-04-2010,140,8,Chennai Super Kings,0,15.555555555555555,1,7,18,3,0,3,0
419154,2010,14-04-2010,131,6,Royal Challengers Bengaluru,0,18.714285714285715,1,17,29,7,8,7,0
419155,2010,15-04-2010,113,9,Delhi Capitals,0,11.3,1,7,18,0,1,0,0
419156,2010,16-04-2010,175,3,Sunrisers Hyderabad,0,43.75,1,10,12,6,9,9,1
419157,2010,17-04-2010,192,4,Mumbai Indians,1,38.4,0,2,16,5,8,8,1
419158,2010,17-04-2010,133,9,Kolkata Knight Riders,0,13.3,1,20,10,7,3,7,0
419159,2010,18-04-2010,193,3,Chennai Super Kings,1,48.25,1,10,12,6,0,0,1
419160,2010,18-04-2010,146,7,Sunrisers Hyderabad,0,18.25,0,9,11,9,1,9,0
419161,2010,19-04-2010,134,8,Kolkata Knight Riders,0,14.88888888888889,1,20,10,5,3,5,0
419162,2010,21-04-2010,185,5,Mumbai Indians,0,30.833333333333332,0,23,7,5,8,5,0
419163,2010,22-04-2010,143,7,Chennai Super Kings,0,17.875,0,23,7,0,9,0,0
419164,2010,24-04-2010,83,10,Royal Challengers Bengaluru,0,7.545454545454546,1,23,7,9,8,9,0
419165,2010,25-04-2010,169,5,Chennai Super Kings,0,28.166666666666668,0,23,7,0,5,0,0
501198,2011,08-04-2011,154,4,Chennai Super Kings,0,30.8,0,7,18,0,3,0,0
501199,2011,09-04-2011,138,8,Rajasthan Royals,0,15.333333333333334,1,15,27,9,7,7,1
501201,2011,10-04-2011,96,10,Mumbai Indians,0,8.727272727272727,1,9,11,1,5,1,0
501203,2011,11-04-2011,164,4,Kolkata Knight Riders,0,32.8,0,20,10,3,9,3,0
501204,2011,12-04-2011,152,6,Rajasthan Royals,0,21.714285714285715,1,17,29,1,7,1,0
501205,2011,12-04-2011,141,4,Mumbai Indians,0,28.2,1,2,16,8,5,5,1
501206,2011,13-04-2011,189,4,Punjab Kings,0,37.8,1,6,26,0,6,6,1
501208,2011,14-04-2011,176,5,Sunrisers Hyderabad,0,29.333333333333332,0,15,27,9,8,8,1
501209,2011,15-04-2011,160,4,Kolkata Knight Riders,0,32.0,1,17,29,7,3,3,1
501211,2011,16-04-2011,184,5,Chennai Super Kings,0,30.666666666666668,0,7,18,0,8,0,0
501212,2011,16-04-2011,166,8,Punjab Kings,0,18.444444444444443,1,15,27,9,6,6,1
501214,2011,17-04-2011,82,10,Kolkata Knight Riders,0,7.454545454545454,1,20,10,7,3,3,1
501216,2011,19-04-2011,169,4,Sunrisers Hyderabad,0,33.8,0,9,11,9,1,9,0
501220,2011,21-04-2011,196,7,Punjab Kings,1,24.5,0,6,26,6,7,7,1
501221,2011,22-04-2011,165,4,Mumbai Indians,0,33.0,0,23,37,5,0,0,1
501222,2011,22-04-2011,172,5,Royal Challengers Bengaluru,0,28.666666666666668,1,20,10,3,8,8,1
501223,2011,23-04-2011,232,4,Delhi Capitals,1,46.4,0,9,11,1,6,6,1
501224,2011,24-04-2011,173,4,Mumbai Indians,0,34.6,0,15,27,5,9,9,1
501227,2011,26-04-2011,161,6,Royal Challengers Bengaluru,0,23.0,1,9,11,1,8,8,1
501230,2011,28-04-2011,149,7,Kolkata Knight Riders,0,18.625,0,9,11,3,1,1,1
501231,2011,29-04-2011,95,8,Rajasthan Royals,0,10.555555555555555,1,17,29,5,7,7,1
501234,2011,30-04-2011,120,6,Kolkata Knight Riders,0,17.142857142857142,1,20,10,6,3,3,1
501236,2011,01-05-2011,166,5,Chennai Super Kings,0,27.666666666666668,0,7,18,0,9,0,0
501237,2011,02-05-2011,160,5,Mumbai Indians,0,26.666666666666668,0,23,37,5,6,6,1
501239,2011,03-05-2011,170,4,Kolkata Knight Riders,0,34.0,0,15,27,3,9,9,1
501240,2011,04-05-2011,148,6,Chennai Super Kings,0,21.142857142857142,1,7,18,7,0,7,0
501243,2011,05-05-2011,176,5,Delhi Capitals,0,29.333333333333332,1,15,27,9,1,1,1
501244,2011,06-05-2011,206,6,Royal Challengers Bengaluru,1,29.428571428571427,0,2,16,8,6,6,1
501245,2011,07-05-2011,52,4,Kolkata Knight Riders,0,10.4,1,20,10,0,3,0,0
501246,2011,07-05-2011,179,4,Mumbai Indians,0,35.8,0,23,37,5,1,1,1
501249,2011,09-05-2011,197,3,Chennai Super Kings,1,49.25,0,17,29,0,7,7,1
501251,2011,10-05-2011,164,8,Punjab Kings,0,18.22222222222222,0,6,26,6,5,5,1
501252,2011,11-05-2011,147,6,Royal Challengers Bengaluru,0,21.0,1,17,29,7,8,8,1
501253,2011,12-05-2011,177,4,Chennai Super Kings,0,35.4,0,7,18,0,1,0,0
501255,2011,14-05-2011,102,4,Royal Challengers Bengaluru,0,20.4,1,2,16,3,8,8,1
501256,2011,14-05-2011,136,6,Sunrisers Hyderabad,0,19.428571428571427,0,23,37,9,5,9,0
501257,2011,15-05-2011,171,6,Punjab Kings,0,24.428571428571427,0,10,12,6,1,1,1
501260,2011,17-05-2011,233,2,Punjab Kings,1,77.66666666666667,0,10,12,6,8,6,0
501263,2011,20-05-2011,134,5,Rajasthan Royals,0,22.333333333333332,1,23,37,5,7,5,0
501264,2011,21-05-2011,199,2,Sunrisers Hyderabad,1,66.33333333333333,0,10,12,9,6,6,1
501266,2011,22-05-2011,129,8,Royal Challengers Bengaluru,0,14.333333333333334,1,2,16,0,8,8,1
501267,2011,22-05-2011,176,7,Mumbai Indians,0,22.0,1,20,10,3,5,5,1
501268,2011,24-05-2011,176,4,Chennai Super Kings,0,35.2,1,23,37,8,0,0,1
501269,2011,25-05-2011,148,7,Mumbai Indians,0,18.5,1,23,37,3,5,5,1
501270,2011,27-05-2011,186,4,Royal Challengers Bengaluru,0,37.2,0,7,18,8,5,5,1
501271,2011,28-05-2011,206,5,Chennai Super Kings,1,34.333333333333336,0,7,18,0,8,0,0
548306,2012,04-04-2012,113,10,Mumbai Indians,0,10.272727272727273,1,7,18,0,5,5,1
548307,2012,05-04-2012,98,9,Delhi Capitals,0,9.8,1,20,10,3,1,1,1
548309,2012,06-04-2012,192,4,Rajasthan Royals,1,38.4,0,17,29,7,6,6,1
548310,2012,07-04-2012,158,8,Royal Challengers Bengaluru,0,17.555555555555557,0,2,16,8,1,1,1
548311,2012,07-04-2012,194,6,Chennai Super Kings,1,27.714285714285715,0,31,8,0,9,9,1
548312,2012,08-04-2012,165,5,Rajasthan Royals,0,27.5,0,17,29,7,3,3,1
548314,2012,09-04-2012,139,9,Mumbai Indians,0,13.9,1,31,8,9,5,9,0
548315,2012,10-04-2012,166,8,Kolkata Knight Riders,0,18.444444444444443,0,2,16,3,8,8,1
548316,2012,10-04-2012,111,8,Delhi Capitals,0,12.333333333333334,1,9,11,0,1,1,1
548317,2012,11-04-2012,198,6,Mumbai Indians,1,28.285714285714285,0,23,37,5,7,7,1
548318,2012,12-04-2012,206,8,Chennai Super Kings,1,22.88888888888889,1,7,18,8,0,8,0
548320,2012,13-04-2012,132,5,Kolkata Knight Riders,0,22.0,1,20,10,7,3,7,0
548321,2012,19-04-2012,158,8,Delhi Capitals,0,17.555555555555557,1,9,11,9,1,9,0
548323,2012,15-04-2012,135,9,Punjab Kings,0,13.5,0,20,10,6,3,3,1
548324,2012,15-04-2012,196,2,Rajasthan Royals,1,65.33333333333333,0,2,16,7,8,7,0
548325,2012,16-04-2012,93,10,Delhi Capitals,0,8.454545454545455,1,23,37,5,1,1,1
548326,2012,17-04-2012,197,2,Rajasthan Royals,1,65.66666666666667,1,17,29,9,7,9,0
548328,2012,18-04-2012,125,7,Kolkata Knight Riders,0,15.625,1,6,26,6,3,6,0
548329,2012,10-05-2012,188,4,Delhi Capitals,0,37.6,1,15,27,9,1,9,0
548331,2012,20-04-2012,164,6,Royal Challengers Bengaluru,0,23.428571428571427,1,6,26,6,8,8,1
548332,2012,21-04-2012,147,4,Chennai Super Kings,0,29.4,1,7,18,7,0,7,0
548334,2012,22-04-2012,164,6,Punjab Kings,0,23.428571428571427,1,23,37,5,6,5,0
548335,2012,22-04-2012,127,7,Kolkata Knight Riders,0,15.875,1,8,1,9,3,3,1
548336,2012,23-04-2012,190,3,Royal Challengers Bengaluru,1,47.5,0,17,29,8,7,7,1
548339,2012,25-04-2012,169,3,Mumbai Indians,0,42.25,1,6,26,6,5,6,0
548342,2012,27-04-2012,208,5,Delhi Capitals,1,34.666666666666664,0,9,11,1,5,5,1
548343,2012,28-04-2012,157,8,Punjab Kings,0,17.444444444444443,0,7,18,6,0,6,0
548344,2012,28-04-2012,191,4,Kolkata Knight Riders,1,38.2,0,20,10,3,8,3,0
548345,2012,29-04-2012,153,6,Delhi Capitals,0,21.857142857142858,0,9,11,1,7,1,0
548346,2012,29-04-2012,101,10,Mumbai Indians,0,9.181818181818182,1,23,37,9,5,5,1
548347,2012,30-04-2012,140,5,Kolkata Knight Riders,0,23.333333333333332,1,7,18,0,3,0,0
548349,2012,01-05-2012,142,6,Delhi Capitals,0,20.285714285714285,1,17,29,7,1,7,0
548350,2012,02-05-2012,159,5,Punjab Kings,0,26.5,1,2,16,8,6,6,1
548352,2012,04-05-2012,161,6,Chennai Super Kings,0,23.0,0,7,18,0,9,0,0
548354,2012,05-05-2012,178,6,Rajasthan Royals,0,25.428571428571427,0,6,26,7,6,7,0
548355,2012,06-05-2012,174,8,Mumbai Indians,0,19.333333333333332,1,23,37,0,5,5,1
548356,2012,06-05-2012,182,2,Royal Challengers Bengaluru,0,60.666666666666664,1,2,16,9,8,8,1
548357,2012,07-05-2012,154,9,Kolkata Knight Riders,0,15.4,1,9,11,1,3,1,0
548359,2012,08-05-2012,171,5,Punjab Kings,0,28.5,0,15,27,6,9,9,1
548360,2012,09-05-2012,142,6,Royal Challengers Bengaluru,0,20.285714285714285,1,23,37,5,8,8,1
548361,2012,10-05-2012,127,6,Chennai Super Kings,0,18.142857142857142,1,17,29,7,0,0,1
548363,2012,12-05-2012,183,1,Mumbai Indians,0,91.5,0,20,10,5,3,5,0
548364,2012,12-05-2012,115,5,Chennai Super Kings,0,19.166666666666668,1,7,18,1,0,0,1
548366,2012,13-05-2012,191,4,Punjab Kings,1,38.2,1,6,26,9,6,9,0
548367,2012,14-05-2012,172,6,Mumbai Indians,0,24.571428571428573,1,2,16,8,5,5,1
548368,2012,14-05-2012,159,6,Chennai Super Kings,0,22.714285714285715,1,20,10,3,0,0,1
548369,2012,15-05-2012,137,8,Delhi Capitals,0,15.222222222222221,1,9,11,6,1,6,0
548370,2012,16-05-2012,141,7,Kolkata Knight Riders,0,17.625,0,23,37,3,5,5,1
548371,2012,17-05-2012,121,7,Punjab Kings,0,15.125,1,10,12,0,6,6,1
548372,2012,17-05-2012,216,1,Royal Challengers Bengaluru,1,108.0,0,9,11,8,1,1,1
548373,2012,18-05-2012,127,8,Sunrisers Hyderabad,0,14.11111111111111,1,15,27,7,9,7,0
548374,2012,19-05-2012,142,8,Delhi Capitals,0,15.777777777777779,1,10,12,6,1,1,1
548376,2012,20-05-2012,133,7,Sunrisers Hyderabad,0,16.625,0,15,27,9,8,8,1
548377,2012,20-05-2012,163,6,Mumbai Indians,0,23.285714285714285,1,17,29,7,5,7,0
548378,2012,22-05-2012,163,4,Kolkata Knight Riders,0,32.6,0,27,34,3,1,3,0
548379,2012,23-05-2012,188,5,Chennai Super Kings,0,31.333333333333332,0,2,16,0,5,5,1
548380,2012,25-05-2012,223,5,Chennai Super Kings,1,37.166666666666664,0,7,18,0,1,1,1
548381,2012,27-05-2012,191,3,Kolkata Knight Riders,1,47.75,1,7,18,0,3,0,0
597998,2013,03-04-2013,129,10,Kolkata Knight Riders,0,11.727272727272727,1,20,10,1,3,3,1
597999,2013,04-04-2013,157,5,Royal Challengers Bengaluru,0,26.166666666666668,0,2,16,8,5,5,1
598001,2013,06-04-2013,166,7,Rajasthan Royals,0,20.75,0,9,11,7,1,7,0
598002,2013,06-04-2013,149,6,Mumbai Indians,0,21.285714285714285,0,7,18,5,0,5,0
598005,2013,08-04-2013,145,6,Rajasthan Royals,0,20.714285714285715,0,17,29,7,3,3,1
598006,2013,09-04-2013,210,5,Mumbai Indians,1,35.0,0,23,37,5,1,5,0
598007,2013,10-04-2013,139,10,Chennai Super Kings,0,12.636363636363637,1,6,26,6,0,0,1
598008,2013,11-04-2013,155,8,Royal Challengers Bengaluru,0,17.22222222222222,1,2,16,3,8,8,1
598010,2013,12-04-2013,115,8,Sunrisers Hyderabad,0,12.777777777777779,1,9,11,1,9,1,0
598012,2013,13-04-2013,166,6,Chennai Super Kings,0,23.714285714285715,1,7,18,8,0,0,1
598013,2013,14-04-2013,181,4,Kolkata Knight Riders,0,36.2,0,20,10,3,9,3,0
598014,2013,14-04-2013,125,10,Rajasthan Royals,0,11.363636363636363,1,17,29,6,7,7,1
598016,2013,16-04-2013,158,9,Punjab Kings,0,15.8,0,6,26,6,3,3,1
598019,2013,17-04-2013,180,3,Rajasthan Royals,0,45.0,0,17,29,7,5,7,0
598020,2013,18-04-2013,170,4,Chennai Super Kings,0,34.0,0,9,11,0,1,0,0
598021,2013,19-04-2013,124,9,Sunrisers Hyderabad,0,12.4,1,15,27,6,9,6,0
598022,2013,20-04-2013,120,9,Chennai Super Kings,0,12.0,1,20,10,3,0,3,0
598023,2013,20-04-2013,118,10,Royal Challengers Bengaluru,0,10.727272727272727,1,2,16,7,8,8,1
598024,2013,21-04-2013,162,4,Delhi Capitals,0,32.4,1,9,11,5,1,5,0
598026,2013,22-04-2013,186,4,Chennai Super Kings,0,37.2,1,7,18,7,0,7,0
598028,2013,16-05-2013,172,4,Punjab Kings,0,34.4,0,10,12,6,1,1,1
598029,2013,24-04-2013,160,6,Mumbai Indians,0,22.857142857142858,1,20,10,3,5,3,0
598030,2013,25-04-2013,160,6,Chennai Super Kings,0,22.857142857142858,1,7,18,9,0,9,0
598031,2013,26-04-2013,150,6,Kolkata Knight Riders,0,21.428571428571427,1,20,10,6,3,6,0
598032,2013,27-04-2013,145,9,Rajasthan Royals,0,14.5,1,17,29,9,7,9,0
598033,2013,27-04-2013,195,7,Mumbai Indians,1,24.375,0,23,37,5,8,5,0
598034,2013,28-04-2013,201,3,Chennai Super Kings,1,50.25,0,7,18,0,3,3,1
598036,2013,29-04-2013,172,6,Rajasthan Royals,0,24.571428571428573,1,17,29,8,7,7,1
598037,2013,29-04-2013,175,3,Mumbai Indians,0,43.75,0,23,37,5,6,5,0
598039,2013,01-05-2013,130,4,Sunrisers Hyderabad,0,26.0,1,15,27,5,9,5,0
598040,2013,01-05-2013,137,7,Delhi Capitals,0,17.125,1,28,30,3,1,3,0
598041,2013,02-05-2013,187,4,Chennai Super Kings,0,37.4,0,7,18,0,6,0,0
598043,2013,03-05-2013,133,6,Kolkata Knight Riders,0,19.0,1,20,10,7,3,7,0
598044,2013,04-05-2013,81,10,Sunrisers Hyderabad,0,7.363636363636363,1,15,27,1,9,1,0
598045,2013,14-05-2013,175,5,Punjab Kings,0,29.166666666666668,1,2,16,8,6,6,1
598046,2013,05-05-2013,140,5,Mumbai Indians,0,23.333333333333332,0,23,37,5,0,5,0
598048,2013,09-04-2013,162,6,Royal Challengers Bengaluru,0,23.142857142857142,1,2,16,9,8,9,0
598049,2013,07-05-2013,155,4,Rajasthan Royals,0,31.0,1,17,29,1,7,1,0
598050,2013,07-05-2013,171,6,Mumbai Indians,0,24.428571428571427,0,23,37,5,3,5,0
598051,2013,08-05-2013,224,3,Chennai Super Kings,1,56.0,0,15,27,0,9,9,1
598052,2013,09-05-2013,146,6,Rajasthan Royals,0,20.857142857142858,1,6,26,6,7,7,1
598054,2013,10-05-2013,184,4,Royal Challengers Bengaluru,0,36.8,0,9,11,8,1,1,1
598056,2013,11-05-2013,151,7,Sunrisers Hyderabad,0,18.875,0,6,26,9,6,6,1
598057,2013,12-05-2013,116,9,Kolkata Knight Riders,0,11.6,1,29,14,8,3,3,1
598058,2013,12-05-2013,142,4,Rajasthan Royals,0,28.4,1,17,29,0,7,7,1
598059,2013,23-04-2013,121,7,Punjab Kings,0,15.125,1,9,11,1,6,6,1
598060,2013,13-05-2013,179,3,Mumbai Indians,0,44.75,1,23,37,9,5,9,0
598062,2013,14-05-2013,169,4,Chennai Super Kings,0,33.8,0,7,18,0,1,0,0
598063,2013,15-05-2013,167,8,Mumbai Indians,0,18.555555555555557,0,23,37,5,7,7,1
598064,2013,06-05-2013,191,3,Punjab Kings,1,47.75,1,6,26,8,6,6,1
598065,2013,17-05-2013,137,9,Sunrisers Hyderabad,0,13.7,0,15,27,9,7,9,0
598066,2013,18-05-2013,184,8,Punjab Kings,0,20.444444444444443,0,10,12,6,5,5,1
598068,2013,18-05-2013,107,2,Royal Challengers Bengaluru,0,35.666666666666664,0,2,16,8,0,0,1
598069,2013,19-05-2013,131,7,Sunrisers Hyderabad,0,16.375,1,15,27,3,9,3,0
598070,2013,21-05-2013,193,1,Chennai Super Kings,1,96.5,0,9,11,0,5,0,0
598071,2013,22-05-2013,133,7,Rajasthan Royals,0,16.625,1,9,11,9,7,9,0
598072,2013,24-05-2013,166,6,Mumbai Indians,0,23.714285714285715,1,20,10,7,5,7,0
598073,2013,26-05-2013,149,9,Mumbai Indians,0,14.9,0,20,10,5,0,5,0
729279,2014,16-04-2014,164,5,Kolkata Knight Riders,0,27.333333333333332,0,0,32,3,5,3,0
729281,2014,17-04-2014,146,4,Royal Challengers Bengaluru,0,29.2,1,30,31,1,8,8,1
729283,2014,18-04-2014,206,4,Punjab Kings,1,41.2,1,0,32,0,6,0,0
729285,2014,18-04-2014,134,6,Rajasthan Royals,0,19.142857142857142,1,0,32,9,7,7,1
729287,2014,19-04-2014,116,9,Royal Challengers Bengaluru,0,11.6,1,11,9,5,8,8,1
729289,2014,19-04-2014,167,5,Delhi Capitals,0,27.833333333333332,1,11,9,3,1,3,0
729291,2014,20-04-2014,192,5,Punjab Kings,1,32.0,1,30,31,7,6,6,1
729293,2014,21-04-2014,178,7,Chennai Super Kings,0,22.25,0,0,32,0,1,0,0
729295,2014,22-04-2014,194,6,Punjab Kings,1,27.714285714285715,0,30,31,6,9,9,1
729297,2014,23-04-2014,141,6,Chennai Super Kings,0,20.142857142857142,0,11,9,0,7,7,1
729299,2014,24-04-2014,151,7,Kolkata Knight Riders,0,18.875,0,30,31,3,8,8,1
729301,2014,25-04-2014,185,1,Sunrisers Hyderabad,0,92.5,0,11,9,9,1,9,0
729303,2014,25-04-2014,142,7,Chennai Super Kings,0,17.75,1,11,9,5,0,5,0
729305,2014,26-04-2014,71,10,Rajasthan Royals,0,6.454545454545454,1,0,32,8,7,7,1
729307,2014,26-04-2014,133,9,Punjab Kings,0,13.3,0,0,32,6,3,3,1
729309,2014,27-04-2014,126,7,Delhi Capitals,0,15.75,1,30,31,5,1,5,0
729311,2014,27-04-2014,146,5,Chennai Super Kings,0,24.333333333333332,1,30,31,9,0,9,0
729313,2014,28-04-2014,125,8,Punjab Kings,0,13.88888888888889,1,11,9,8,6,6,1
729317,2014,30-04-2014,173,5,Sunrisers Hyderabad,0,28.833333333333332,0,11,9,9,5,5,1
733971,2014,02-05-2014,149,3,Chennai Super Kings,0,37.25,0,29,14,0,3,0,0
733973,2014,03-05-2014,169,5,Mumbai Indians,0,28.166666666666668,1,23,37,6,5,6,0
733975,2014,03-05-2014,153,5,Rajasthan Royals,0,25.5,1,9,11,1,7,7,1
733977,2014,04-05-2014,156,6,Royal Challengers Bengaluru,0,22.285714285714285,1,2,16,9,8,8,1
733979,2014,05-05-2014,171,6,Rajasthan Royals,0,24.428571428571427,0,1,28,7,3,3,1
733981,2014,05-05-2014,179,5,Chennai Super Kings,0,29.833333333333332,1,9,11,1,0,0,1
733983,2014,06-05-2014,188,5,Mumbai Indians,0,31.333333333333332,0,23,37,5,8,8,1
733985,2014,07-05-2014,161,5,Kolkata Knight Riders,0,26.833333333333332,1,9,11,1,3,1,0
733987,2014,07-05-2014,232,4,Punjab Kings,1,46.4,0,8,1,6,0,0,1
733989,2014,08-05-2014,135,9,Sunrisers Hyderabad,0,13.5,0,1,28,9,7,7,1
733991,2014,09-05-2014,199,8,Punjab Kings,1,22.11111111111111,0,2,16,6,8,8,1
733993,2014,10-05-2014,43,7,Sunrisers Hyderabad,0,5.375,1,9,11,1,9,9,1
733995,2014,10-05-2014,158,6,Chennai Super Kings,0,22.571428571428573,1,23,37,5,0,0,1
733997,2014,11-05-2014,150,8,Kolkata Knight Riders,0,16.666666666666668,1,8,1,6,3,3,1
733999,2014,11-05-2014,191,5,Rajasthan Royals,1,31.833333333333332,1,2,16,8,7,8,0
734001,2014,12-05-2014,158,3,Mumbai Indians,0,39.5,1,15,27,9,5,9,0
734003,2014,13-05-2014,149,8,Chennai Super Kings,0,16.555555555555557,1,29,14,7,0,7,0
734005,2014,13-05-2014,187,4,Royal Challengers Bengaluru,0,37.4,0,2,16,8,1,1,1
734007,2014,14-05-2014,206,5,Punjab Kings,1,34.333333333333336,1,15,27,9,6,6,1
734009,2014,14-05-2014,142,5,Kolkata Knight Riders,0,23.666666666666668,1,8,1,5,3,3,1
734011,2014,15-05-2014,202,6,Rajasthan Royals,1,28.857142857142858,0,1,28,7,1,1,1
734013,2014,18-05-2014,139,4,Royal Challengers Bengaluru,0,27.8,1,29,14,0,8,0,0
734015,2014,18-05-2014,143,8,Kolkata Knight Riders,0,15.88888888888889,1,15,27,9,3,9,0
734017,2014,19-05-2014,179,3,Mumbai Indians,0,44.75,0,1,28,5,7,5,0
734019,2014,19-05-2014,165,7,Punjab Kings,0,20.625,1,9,11,1,6,6,1
734021,2014,20-05-2014,161,6,Sunrisers Hyderabad,0,23.0,1,15,27,8,9,8,0
734023,2014,20-05-2014,155,4,Kolkata Knight Riders,0,31.0,1,20,10,0,3,3,1
734025,2014,21-05-2014,157,8,Mumbai Indians,0,17.444444444444443,1,6,26,6,5,5,1
734027,2014,22-05-2014,196,4,Kolkata Knight Riders,1,39.2,0,20,10,3,8,8,1
734029,2014,22-05-2014,186,3,Sunrisers Hyderabad,0,46.5,1,29,14,0,9,9,1
734031,2014,23-05-2014,174,10,Mumbai Indians,0,15.818181818181818,0,23,37,5,1,1,1
734033,2014,23-05-2014,180,4,Punjab Kings,0,36.0,0,6,26,6,7,7,1
734035,2014,24-05-2014,155,6,Chennai Super Kings,0,22.142857142857142,1,2,16,8,0,0,1
734037,2014,24-05-2014,161,7,Kolkata Knight Riders,0,20.125,1,20,10,9,3,3,1
734039,2014,25-05-2014,116,10,Punjab Kings,0,10.545454545454545,1,6,26,1,6,6,1
734041,2014,25-05-2014,190,4,Mumbai Indians,1,38.0,1,23,37,7,5,5,1
734043,2014,27-05-2014,164,8,Kolkata Knight Riders,0,18.22222222222222,0,20,10,3,6,6,1
734045,2014,28-05-2014,174,8,Chennai Super Kings,0,19.333333333333332,1,23,4,5,0,0,1
734047,2014,30-05-2014,227,6,Punjab Kings,1,32.42857142857143,0,23,37,6,0,0,1
734049,2014,01-06-2014,200,4,Kolkata Knight Riders,1,40.0,1,2,16,6,3,3,1
829705,2015,08-04-2015,169,3,Kolkata Knight Riders,0,42.25,1,20,10,5,3,3,1
829707,2015,09-04-2015,151,7,Chennai Super Kings,0,18.875,0,7,18,0,1,1,1
829709,2015,10-04-2015,163,7,Rajasthan Royals,0,20.375,0,27,20,7,6,6,1
829711,2015,11-04-2015,210,4,Chennai Super Kings,1,42.0,0,7,18,0,9,0,0
829713,2015,11-04-2015,178,6,Royal Challengers Bengaluru,0,25.428571428571427,1,20,10,3,8,8,1
829715,2015,12-04-2015,185,3,Rajasthan Royals,0,46.25,1,9,11,1,7,7,1
829717,2015,12-04-2015,178,5,Punjab Kings,0,29.666666666666668,0,23,37,6,5,5,1
829719,2015,13-04-2015,167,10,Sunrisers Hyderabad,0,15.181818181818182,1,2,16,8,9,9,1
829721,2015,14-04-2015,165,6,Rajasthan Royals,0,23.571428571428573,1,1,28,5,7,5,0
829723,2015,30-04-2015,166,9,Kolkata Knight Riders,0,16.6,1,20,10,0,3,3,1
829725,2015,15-04-2015,166,7,Delhi Capitals,0,20.75,1,27,20,6,1,6,0
829727,2015,16-04-2015,128,5,Rajasthan Royals,0,21.333333333333332,1,31,8,9,7,7,1
829729,2015,17-04-2015,184,7,Chennai Super Kings,0,23.0,1,23,37,5,0,5,0
829731,2015,18-04-2015,168,4,Delhi Capitals,0,33.6,0,31,8,1,9,1,0
829733,2015,18-04-2015,156,9,Kolkata Knight Riders,0,15.6,1,27,20,6,3,3,1
829735,2015,19-04-2015,157,4,Rajasthan Royals,0,31.4,1,1,28,0,7,0,0
829737,2015,19-04-2015,210,7,Mumbai Indians,1,26.25,0,2,16,5,8,8,1
829739,2015,20-04-2015,147,8,Kolkata Knight Riders,0,16.333333333333332,1,9,11,1,3,3,1
829743,2015,22-04-2015,118,4,Sunrisers Hyderabad,0,23.6,0,31,8,9,3,3,1
829745,2015,22-04-2015,182,8,Chennai Super Kings,0,20.22222222222222,0,2,16,0,8,8,1
829747,2015,23-04-2015,191,4,Delhi Capitals,1,38.2,0,9,11,1,5,5,1
829749,2015,24-04-2015,131,9,Royal Challengers Bengaluru,0,13.1,1,1,28,7,8,8,1
829751,2015,25-04-2015,158,8,Mumbai Indians,0,17.555555555555557,0,23,37,5,9,5,0
829753,2015,25-04-2015,193,3,Chennai Super Kings,1,48.25,0,7,18,0,6,0,0
829757,2015,26-04-2015,96,10,Royal Challengers Bengaluru,0,8.727272727272727,1,9,11,1,8,8,1
829759,2015,27-04-2015,151,6,Sunrisers Hyderabad,0,21.571428571428573,0,6,26,9,6,6,1
829761,2015,07-05-2015,172,7,Kolkata Knight Riders,0,21.5,0,20,10,3,1,3,0
829765,2015,28-04-2015,135,6,Chennai Super Kings,0,19.285714285714285,0,7,18,0,3,3,1
829767,2015,01-05-2015,119,8,Delhi Capitals,0,13.222222222222221,1,9,11,6,1,1,1
829769,2015,01-05-2015,188,5,Mumbai Indians,0,31.333333333333332,0,23,37,5,7,7,1
829771,2015,02-05-2015,112,4,Royal Challengers Bengaluru,0,22.4,1,2,16,3,8,8,1
829773,2015,02-05-2015,193,7,Sunrisers Hyderabad,1,24.125,0,15,27,9,0,0,1
829775,2015,03-05-2015,173,3,Mumbai Indians,0,43.25,0,6,26,5,6,5,0
829777,2015,03-05-2015,190,2,Rajasthan Royals,1,63.333333333333336,0,23,4,7,1,1,1
829779,2015,04-05-2015,149,9,Chennai Super Kings,0,14.9,0,7,18,0,8,0,0
829781,2015,04-05-2015,168,7,Kolkata Knight Riders,0,21.0,0,20,10,3,9,9,1
829783,2015,05-05-2015,153,6,Mumbai Indians,0,21.857142857142858,1,23,37,1,5,1,0
829785,2015,06-05-2015,227,3,Royal Challengers Bengaluru,1,56.75,0,2,16,8,6,6,1
829787,2015,07-05-2015,202,4,Sunrisers Hyderabad,1,40.4,0,23,4,9,7,7,1
829789,2015,08-05-2015,159,5,Mumbai Indians,0,26.5,1,7,18,0,5,0,0
829791,2015,09-05-2015,184,5,Kolkata Knight Riders,0,30.666666666666668,1,20,10,6,3,6,0
829793,2015,09-05-2015,164,4,Sunrisers Hyderabad,0,32.8,0,28,30,9,1,9,0
829795,2015,10-05-2015,236,1,Royal Challengers Bengaluru,1,118.0,0,23,37,8,5,8,0
829797,2015,10-05-2015,158,5,Chennai Super Kings,0,26.333333333333332,0,7,18,0,7,0,0
829799,2015,11-05-2015,186,5,Sunrisers Hyderabad,0,31.0,0,15,27,9,6,9,0
829801,2015,12-05-2015,120,6,Delhi Capitals,0,17.142857142857142,1,28,30,0,1,0,0
829803,2015,13-05-2015,107,6,Punjab Kings,0,15.285714285714286,0,6,26,6,8,8,1
829805,2015,14-05-2015,172,4,Mumbai Indians,0,34.4,0,23,37,5,3,3,1
829807,2015,15-05-2015,81,3,Royal Challengers Bengaluru,0,20.25,1,15,27,9,8,9,0
829809,2015,16-05-2015,131,7,Chennai Super Kings,0,16.375,1,6,26,6,0,6,0
829811,2015,16-05-2015,200,6,Rajasthan Royals,1,28.571428571428573,0,23,4,7,3,7,0
829815,2015,17-05-2015,114,10,Mumbai Indians,0,10.363636363636363,1,15,27,9,5,9,0
829817,2015,19-05-2015,188,6,Mumbai Indians,0,26.857142857142858,0,23,37,5,0,5,0
829819,2015,20-05-2015,181,4,Royal Challengers Bengaluru,0,36.2,0,27,20,8,7,8,0
829821,2015,22-05-2015,140,8,Chennai Super Kings,0,15.555555555555555,1,29,14,8,0,0,1
829823,2015,24-05-2015,203,5,Mumbai Indians,1,33.833333333333336,0,20,10,5,0,0,1
980903,2016,10-04-2016,99,10,Kolkata Knight Riders,0,9.0,1,20,10,1,3,3,1
980907,2016,12-04-2016,228,4,Royal Challengers Bengaluru,1,45.6,0,2,16,8,9,9,1
980909,2016,13-04-2016,188,5,Mumbai Indians,0,31.333333333333332,1,20,10,3,5,5,1
980913,2016,15-04-2016,112,9,Delhi Capitals,0,11.2,1,9,11,6,1,1,1
980915,2016,16-04-2016,143,7,Kolkata Knight Riders,0,17.875,1,15,27,9,3,9,0
980921,2016,17-04-2016,192,5,Delhi Capitals,1,32.0,1,2,16,8,1,1,1
980923,2016,18-04-2016,143,6,Sunrisers Hyderabad,0,20.428571428571427,1,15,27,5,9,9,1
980925,2016,19-04-2016,139,8,Kolkata Knight Riders,0,15.444444444444445,1,6,25,6,3,3,1
980927,2016,20-04-2016,171,7,Mumbai Indians,0,21.375,1,23,37,8,5,5,1
980933,2016,23-04-2016,165,4,Delhi Capitals,0,33.0,0,9,11,1,5,5,1
980935,2016,23-04-2016,144,6,Sunrisers Hyderabad,0,20.571428571428573,1,15,27,6,9,9,1
980941,2016,25-04-2016,190,6,Mumbai Indians,1,27.142857142857142,0,6,25,5,6,6,1
980947,2016,28-04-2016,175,5,Mumbai Indians,0,29.166666666666668,1,23,37,3,5,5,1
980951,2016,30-04-2016,187,8,Delhi Capitals,0,20.77777777777778,0,9,11,1,3,3,1
980953,2016,30-04-2016,195,5,Sunrisers Hyderabad,1,32.5,0,15,27,9,8,8,1
980959,2016,02-05-2016,186,7,Kolkata Knight Riders,0,23.25,1,2,16,8,3,3,1
980963,2016,04-05-2016,165,3,Kolkata Knight Riders,0,41.25,0,20,10,3,6,6,1
980971,2016,07-05-2016,182,5,Punjab Kings,0,30.333333333333332,0,6,25,6,1,1,1
980973,2016,08-05-2016,178,3,Sunrisers Hyderabad,0,44.5,0,31,8,9,5,5,1
980977,2016,09-05-2016,176,6,Royal Challengers Bengaluru,0,25.142857142857142,0,6,25,8,6,6,1
980981,2016,11-05-2016,152,4,Mumbai Indians,0,30.4,1,2,16,8,5,5,1
980983,2016,12-05-2016,147,8,Delhi Capitals,0,16.333333333333332,1,15,27,9,1,1,1
980985,2016,13-05-2016,125,9,Punjab Kings,0,12.5,1,31,8,5,6,5,0
980991,2016,15-05-2016,180,4,Sunrisers Hyderabad,0,36.0,1,6,25,6,9,6,0
980993,2016,15-05-2016,207,4,Mumbai Indians,1,41.4,0,31,8,5,1,1,1
980995,2016,16-05-2016,184,5,Royal Challengers Bengaluru,0,30.666666666666668,1,20,10,3,8,8,1
980999,2016,18-05-2016,203,3,Royal Challengers Bengaluru,1,50.75,0,2,16,8,6,6,1
981003,2016,20-05-2016,159,7,Delhi Capitals,0,19.875,1,28,30,9,1,1,1
981009,2016,22-05-2016,172,6,Kolkata Knight Riders,0,24.571428571428573,0,20,10,3,9,9,1
981011,2016,22-05-2016,139,8,Royal Challengers Bengaluru,0,15.444444444444445,1,28,30,1,8,8,1
981015,2016,25-05-2016,163,8,Sunrisers Hyderabad,0,18.11111111111111,0,9,11,9,3,3,1
981019,2016,29-05-2016,209,7,Sunrisers Hyderabad,1,26.125,0,2,16,9,8,9,0
1082591,2017,05-04-2017,208,4,Sunrisers Hyderabad,1,41.6,0,15,27,9,8,8,1
1082595,2017,08-04-2017,158,8,Royal Challengers Bengaluru,0,17.555555555555557,0,2,17,8,1,8,0
1082597,2017,09-04-2017,179,7,Mumbai Indians,0,22.375,1,23,37,3,5,5,1
1082598,2017,10-04-2017,149,4,Punjab Kings,0,29.8,1,16,13,8,6,8,0
1082600,2017,12-04-2017,159,8,Mumbai Indians,0,17.666666666666668,1,23,37,9,5,5,1
1082601,2017,13-04-2017,171,9,Kolkata Knight Riders,0,17.1,1,20,10,6,3,3,1
1082602,2017,14-04-2017,143,5,Mumbai Indians,0,23.833333333333332,1,2,16,8,5,5,1
1082604,2017,15-04-2017,173,6,Kolkata Knight Riders,0,24.714285714285715,0,20,10,3,9,9,1
1082605,2017,15-04-2017,189,6,Delhi Capitals,0,27.0,0,9,11,1,6,1,0
1082608,2017,17-04-2017,169,7,Kolkata Knight Riders,0,21.125,1,9,11,1,3,1,0
1082609,2017,17-04-2017,160,6,Sunrisers Hyderabad,0,22.857142857142858,0,15,27,9,6,6,1
1082611,2017,19-04-2017,192,4,Sunrisers Hyderabad,1,38.4,0,15,27,9,1,9,0
1082612,2017,20-04-2017,199,4,Mumbai Indians,1,39.8,1,16,13,6,5,5,1
1082614,2017,22-04-2017,143,8,Mumbai Indians,0,15.88888888888889,0,23,37,5,1,1,1
1082617,2017,23-04-2017,132,10,Kolkata Knight Riders,0,12.0,0,20,10,3,8,8,1
1082622,2017,28-04-2017,161,6,Kolkata Knight Riders,0,23.0,1,20,10,1,3,3,1
1082623,2017,28-04-2017,208,3,Sunrisers Hyderabad,1,52.0,0,6,25,9,6,6,1
1082626,2017,30-04-2017,68,10,Punjab Kings,0,6.181818181818182,1,6,25,1,6,6,1
1082627,2017,30-04-2017,210,3,Sunrisers Hyderabad,1,52.5,0,15,27,9,3,3,1
1082628,2017,01-05-2017,163,8,Mumbai Indians,0,18.11111111111111,1,23,37,8,5,8,0
1082630,2017,02-05-2017,186,3,Delhi Capitals,0,46.5,1,9,11,9,1,1,1
1082633,2017,05-05-2017,139,7,Punjab Kings,0,17.375,0,2,16,6,8,8,1
1082635,2017,06-05-2017,213,3,Mumbai Indians,1,53.25,0,9,11,5,1,1,1
1082636,2017,07-05-2017,159,6,Kolkata Knight Riders,0,22.714285714285715,1,2,16,8,3,3,1
1082638,2017,08-05-2017,139,7,Sunrisers Hyderabad,0,17.375,1,15,27,5,9,5,0
1082639,2017,09-05-2017,168,6,Punjab Kings,0,24.0,0,6,25,6,3,3,1
1082641,2017,11-05-2017,231,3,Punjab Kings,1,57.75,0,23,37,6,5,5,1
1082644,2017,13-05-2017,174,5,Mumbai Indians,0,29.0,0,20,10,5,3,3,1
1082646,2017,14-05-2017,162,6,Royal Challengers Bengaluru,0,23.142857142857142,0,9,11,8,1,8,0
1082648,2017,17-05-2017,48,7,Kolkata Knight Riders,0,6.0,1,2,16,9,3,3,1
1082649,2017,19-05-2017,108,10,Mumbai Indians,0,9.818181818181818,1,2,16,3,5,5,1
1136561,2018,07-04-2018,166,4,Chennai Super Kings,0,33.2,1,23,37,5,0,0,1
1136562,2018,08-04-2018,167,7,Punjab Kings,0,20.875,1,6,25,1,6,6,1
1136563,2018,08-04-2018,177,7,Kolkata Knight Riders,0,22.125,1,20,10,8,3,3,1
1136564,2018,09-04-2018,126,9,Sunrisers Hyderabad,0,12.6,1,15,27,7,9,9,1
1136565,2018,10-04-2018,203,6,Chennai Super Kings,1,29.0,1,7,18,3,0,0,1
1136566,2018,11-04-2018,71,5,Rajasthan Royals,0,11.833333333333334,0,17,29,7,1,1,1
1136567,2018,12-04-2018,148,8,Sunrisers Hyderabad,0,16.444444444444443,1,15,27,5,9,9,1
1136568,2018,13-04-2018,156,10,Royal Challengers Bengaluru,0,14.181818181818182,1,2,17,6,8,8,1
1136569,2018,14-04-2018,195,7,Delhi Capitals,1,24.375,1,23,37,5,1,1,1
1136570,2018,14-04-2018,139,8,Sunrisers Hyderabad,0,15.444444444444445,1,20,10,3,9,9,1
1136571,2018,15-04-2018,218,4,Rajasthan Royals,1,43.6,0,2,17,7,8,8,1
1136572,2018,15-04-2018,198,7,Punjab Kings,1,24.75,0,6,25,6,0,0,1
1136573,2018,16-04-2018,201,9,Kolkata Knight Riders,1,20.1,0,20,10,3,1,1,1
1136574,2018,17-04-2018,214,6,Mumbai Indians,1,30.571428571428573,0,23,37,5,8,8,1
1136575,2018,18-04-2018,161,8,Kolkata Knight Riders,0,17.88888888888889,1,17,29,7,3,3,1
1136576,2018,19-04-2018,194,3,Punjab Kings,1,48.5,0,6,25,6,9,6,0
1136577,2018,20-04-2018,205,5,Chennai Super Kings,1,34.166666666666664,0,27,20,0,7,7,1
1136578,2018,21-04-2018,125,7,Punjab Kings,0,15.625,1,20,10,3,6,6,1
1136579,2018,21-04-2018,175,5,Royal Challengers Bengaluru,0,29.166666666666668,1,2,17,1,8,8,1
1136580,2018,22-04-2018,183,3,Chennai Super Kings,0,45.75,0,15,27,0,9,9,1
1136581,2018,22-04-2018,168,7,Rajasthan Royals,0,21.0,1,17,29,5,7,5,0
1136582,2018,23-04-2018,144,8,Punjab Kings,0,16.0,0,9,0,6,1,1,1
1136583,2018,24-04-2018,119,10,Sunrisers Hyderabad,0,10.818181818181818,0,23,37,9,5,5,1
1136584,2018,25-04-2018,206,8,Chennai Super Kings,1,22.88888888888889,1,2,17,8,0,0,1
1136585,2018,26-04-2018,133,6,Sunrisers Hyderabad,0,19.0,0,15,27,9,6,6,1
1136586,2018,27-04-2018,220,4,Delhi Capitals,1,44.0,0,9,0,1,3,3,1
1136587,2018,28-04-2018,170,5,Mumbai Indians,0,28.333333333333332,1,27,20,0,5,5,1
1136588,2018,29-04-2018,152,7,Sunrisers Hyderabad,0,19.0,0,17,29,9,7,9,0
1136589,2018,29-04-2018,176,4,Kolkata Knight Riders,0,35.2,1,2,17,8,3,3,1
1136590,2018,30-04-2018,212,4,Chennai Super Kings,1,42.4,0,27,20,0,1,1,1
1136591,2018,01-05-2018,168,7,Royal Challengers Bengaluru,0,21.0,0,2,17,8,5,5,1
1136592,2018,02-05-2018,151,6,Delhi Capitals,0,21.571428571428573,0,9,0,1,7,7,1
1136593,2018,03-05-2018,178,5,Kolkata Knight Riders,0,29.666666666666668,1,20,10,0,3,3,1
1136594,2018,04-05-2018,175,6,Mumbai Indians,0,25.0,1,16,13,6,5,5,1
1136595,2018,05-05-2018,128,9,Chennai Super Kings,0,12.8,1,27,20,8,0,0,1
1136596,2018,05-05-2018,164,5,Sunrisers Hyderabad,0,27.333333333333332,1,15,27,1,9,1,0
1136597,2018,06-05-2018,182,4,Mumbai Indians,0,36.4,0,23,37,5,3,3,1
1136598,2018,06-05-2018,153,9,Punjab Kings,0,15.3,1,16,13,7,6,6,1
1136599,2018,07-05-2018,147,10,Sunrisers Hyderabad,0,13.363636363636363,0,15,27,9,8,8,1
1136600,2018,08-05-2018,159,8,Rajasthan Royals,0,17.666666666666668,0,17,29,7,6,7,0
1136601,2018,09-05-2018,211,6,Mumbai Indians,1,30.142857142857142,0,20,10,5,3,3,1
1136602,2018,10-05-2018,188,5,Sunrisers Hyderabad,0,31.333333333333332,1,9,0,1,9,1,0
1136603,2018,11-05-2018,177,4,Rajasthan Royals,0,35.4,1,17,29,0,7,0,0
1136604,2018,12-05-2018,246,6,Kolkata Knight Riders,1,35.142857142857146,0,16,13,3,6,6,1
1136605,2018,12-05-2018,182,4,Royal Challengers Bengaluru,0,36.4,1,9,0,1,8,8,1
1136606,2018,13-05-2018,180,4,Chennai Super Kings,0,36.0,1,27,20,9,0,0,1
1136607,2018,13-05-2018,169,6,Rajasthan Royals,0,24.142857142857142,1,23,37,5,7,7,1
1136608,2018,14-05-2018,89,10,Royal Challengers Bengaluru,0,8.090909090909092,1,16,13,6,8,8,1
1136609,2018,15-05-2018,143,10,Kolkata Knight Riders,0,13.0,1,20,10,7,3,3,1
1136610,2018,16-05-2018,187,8,Mumbai Indians,0,20.77777777777778,0,23,37,5,6,6,1
1136611,2018,17-05-2018,219,6,Royal Challengers Bengaluru,1,31.285714285714285,0,2,17,8,9,9,1
1136612,2018,18-05-2018,163,5,Delhi Capitals,0,27.166666666666668,0,9,0,1,0,0,1
1136613,2018,19-05-2018,165,5,Rajasthan Royals,0,27.5,0,17,29,7,8,7,0
1136614,2018,19-05-2018,173,9,Kolkata Knight Riders,0,17.3,1,15,27,9,3,9,0
1136615,2018,20-05-2018,175,4,Delhi Capitals,0,35.0,0,9,0,1,5,1,0
1136616,2018,20-05-2018,154,10,Chennai Super Kings,0,14.0,1,27,20,6,0,0,1
1136617,2018,22-05-2018,140,7,Chennai Super Kings,0,17.5,1,23,37,9,0,0,1
1136618,2018,23-05-2018,170,7,Kolkata Knight Riders,0,21.25,0,20,10,3,7,7,1
1136619,2018,25-05-2018,175,7,Sunrisers Hyderabad,0,21.875,0,20,10,9,3,3,1
1136620,2018,27-05-2018,179,6,Chennai Super Kings,0,25.571428571428573,1,23,37,9,0,0,1
1175356,2019,23-03-2019,71,10,Chennai Super Kings,0,6.454545454545454,1,7,18,8,0,0,1
1175357,2019,24-03-2019,182,3,Kolkata Knight Riders,0,45.5,1,20,10,9,3,3,1
1175358,2019,24-03-2019,214,6,Delhi Capitals,1,30.571428571428573,0,23,37,1,5,5,1
1175359,2019,25-03-2019,185,4,Punjab Kings,0,37.0,0,17,29,6,7,7,1
1175360,2019,26-03-2019,148,6,Chennai Super Kings,0,21.142857142857142,1,9,0,1,0,1,0
1175361,2019,27-03-2019,219,4,Kolkata Knight Riders,1,43.8,0,20,10,3,6,6,1
1175362,2019,28-03-2019,188,8,Mumbai Indians,0,20.88888888888889,0,2,17,5,8,8,1
1175363,2019,29-03-2019,199,2,Sunrisers Hyderabad,1,66.33333333333333,1,15,27,7,9,7,0
1175364,2019,30-03-2019,177,7,Punjab Kings,0,22.125,1,6,25,5,6,6,1
1175366,2019,31-03-2019,232,2,Sunrisers Hyderabad,1,77.33333333333333,0,15,27,9,8,8,1
1175367,2019,31-03-2019,176,5,Chennai Super Kings,0,29.333333333333332,0,7,18,0,7,7,1
1175368,2019,01-04-2019,167,9,Punjab Kings,0,16.7,0,6,25,6,1,1,1
1175369,2019,02-04-2019,159,4,Rajasthan Royals,0,31.8,1,17,29,8,7,7,1
1175370,2019,03-04-2019,171,5,Mumbai Indians,0,28.5,0,23,37,5,0,0,1
1175371,2019,04-04-2019,130,8,Sunrisers Hyderabad,0,14.444444444444445,1,9,0,1,9,9,1
1175372,2019,05-04-2019,206,3,Kolkata Knight Riders,1,51.5,1,2,17,8,3,3,1
1178393,2019,06-04-2019,161,3,Chennai Super Kings,0,40.25,0,7,18,0,6,0,0
1178394,2019,06-04-2019,137,7,Mumbai Indians,0,17.125,0,15,27,5,9,9,1
1178395,2019,07-04-2019,150,8,Delhi Capitals,0,16.666666666666668,1,2,17,8,1,1,1
1178396,2019,07-04-2019,140,3,Kolkata Knight Riders,0,35.0,1,17,29,7,3,3,1
1178397,2019,08-04-2019,151,4,Punjab Kings,0,30.2,1,6,25,9,6,6,1
1178398,2019,09-04-2019,109,9,Chennai Super Kings,0,10.9,1,7,18,3,0,0,1
1178399,2019,10-04-2019,198,4,Mumbai Indians,1,39.6,1,23,37,6,5,5,1
1178400,2019,11-04-2019,152,7,Chennai Super Kings,0,19.0,1,17,29,7,0,0,1
1178401,2019,12-04-2019,179,7,Delhi Capitals,0,22.375,1,20,10,3,1,1,1
1178402,2019,13-04-2019,188,5,Rajasthan Royals,0,31.333333333333332,1,23,37,5,7,7,1
1178403,2019,13-04-2019,174,4,Royal Challengers Bengaluru,0,34.8,1,6,25,6,8,8,1
1178404,2019,14-04-2019,162,8,Chennai Super Kings,0,18.0,1,20,10,3,0,0,1
1178405,2019,14-04-2019,156,7,Delhi Capitals,0,19.5,0,15,27,1,9,9,1
1178406,2019,15-04-2019,172,7,Mumbai Indians,0,21.5,1,23,37,8,5,5,1
1178407,2019,16-04-2019,183,6,Punjab Kings,0,26.142857142857142,0,6,25,6,7,7,1
1178408,2019,17-04-2019,133,5,Sunrisers Hyderabad,0,22.166666666666668,1,15,27,0,9,0,0
1178409,2019,18-04-2019,169,5,Mumbai Indians,0,28.166666666666668,0,9,0,5,1,5,0
1178410,2019,19-04-2019,214,4,Royal Challengers Bengaluru,1,42.8,0,20,10,8,3,3,1
1178411,2019,20-04-2019,162,5,Rajasthan Royals,0,27.0,1,17,29,5,7,7,1
1178412,2019,20-04-2019,164,7,Delhi Capitals,0,20.5,1,9,0,6,1,1,1
1178413,2019,21-04-2019,160,8,Sunrisers Hyderabad,0,17.77777777777778,1,15,27,3,9,9,1
1178414,2019,21-04-2019,162,7,Royal Challengers Bengaluru,0,20.25,0,2,17,8,0,0,1
1178415,2019,22-04-2019,192,6,Delhi Capitals,1,27.428571428571427,1,17,29,7,1,1,1
1178416,2019,23-04-2019,176,3,Chennai Super Kings,0,44.0,1,7,18,9,0,0,1
1178417,2019,24-04-2019,203,4,Royal Challengers Bengaluru,1,40.6,0,2,17,8,6,6,1
1178418,2019,25-04-2019,176,6,Rajasthan Royals,0,25.142857142857142,1,20,10,3,7,7,1
1178419,2019,26-04-2019,156,4,Mumbai Indians,0,31.2,0,7,18,5,0,0,1
1178420,2019,27-04-2019,161,8,Rajasthan Royals,0,17.88888888888889,1,17,29,9,7,7,1
1178421,2019,28-04-2019,188,5,Delhi Capitals,0,31.333333333333332,0,9,0,1,8,1,0
1178422,2019,28-04-2019,233,2,Kolkata Knight Riders,1,77.66666666666667,0,20,10,3,5,5,1
1178423,2019,29-04-2019,213,6,Sunrisers Hyderabad,1,30.428571428571427,0,15,27,9,6,6,1
1178425,2019,01-05-2019,180,4,Chennai Super Kings,0,36.0,0,7,18,0,1,1,1
1178427,2019,03-05-2019,184,6,Kolkata Knight Riders,0,26.285714285714285,1,6,25,6,3,3,1
1178428,2019,04-05-2019,116,9,Delhi Capitals,0,11.6,1,9,0,7,1,7,0
1178429,2019,04-05-2019,176,7,Royal Challengers Bengaluru,0,22.0,1,2,17,9,8,8,1
1178430,2019,05-05-2019,171,5,Punjab Kings,0,28.5,1,6,25,0,6,6,1
1178431,2019,05-05-2019,134,7,Mumbai Indians,0,16.75,1,23,37,3,5,5,1
1181764,2019,07-05-2019,132,4,Mumbai Indians,0,26.4,1,7,18,0,5,0,0
1181766,2019,08-05-2019,163,8,Delhi Capitals,0,18.11111111111111,1,31,8,9,1,1,1
1181767,2019,10-05-2019,148,9,Chennai Super Kings,0,14.8,1,31,8,1,0,0,1
1181768,2019,12-05-2019,150,8,Mumbai Indians,0,16.666666666666668,0,15,27,5,0,5,0
1216492,2020,19-09-2020,163,9,Chennai Super Kings,0,16.3,1,0,32,5,0,0,1
1216494,2020,21-10-2020,85,8,Royal Challengers Bengaluru,0,9.444444444444445,1,0,32,3,8,3,0
1216495,2020,03-11-2020,150,8,Sunrisers Hyderabad,0,16.666666666666668,1,30,31,5,9,9,1
1216496,2020,22-09-2020,217,7,Rajasthan Royals,1,27.125,0,30,31,7,0,0,1
1216497,2020,24-10-2020,195,6,Kolkata Knight Riders,1,27.857142857142858,0,0,32,3,1,1,1
1216498,2020,24-10-2020,127,7,Punjab Kings,0,15.875,0,11,9,6,9,9,1
1216499,2020,28-10-2020,165,6,Mumbai Indians,0,23.571428571428573,1,0,32,8,5,5,1
1216500,2020,09-10-2020,185,8,Delhi Capitals,0,20.555555555555557,0,30,31,1,7,7,1
1216501,2020,07-10-2020,168,10,Kolkata Knight Riders,0,15.272727272727273,0,0,32,3,0,3,0
1216502,2020,31-10-2020,121,7,Sunrisers Hyderabad,0,15.125,1,30,31,8,9,9,1
1216503,2020,01-10-2020,192,4,Mumbai Indians,1,38.4,0,0,32,5,6,6,1
1216504,2020,30-09-2020,175,6,Kolkata Knight Riders,0,25.0,0,11,9,3,7,7,1
1216505,2020,02-11-2020,153,7,Delhi Capitals,0,19.125,1,0,32,8,1,1,1
1216506,2020,01-11-2020,154,6,Chennai Super Kings,0,22.0,1,0,32,6,0,0,1
1216507,2020,11-10-2020,159,4,Rajasthan Royals,0,31.8,1,11,9,9,7,9,0
1216508,2020,23-09-2020,196,5,Mumbai Indians,1,32.666666666666664,0,0,32,5,3,3,1
1216509,2020,17-10-2020,180,4,Delhi Capitals,0,36.0,1,30,31,0,1,0,0
1216510,2020,24-09-2020,207,3,Punjab Kings,1,51.75,0,11,9,6,8,8,1
1216511,2020,06-10-2020,194,4,Mumbai Indians,1,38.8,0,0,32,5,7,5,0
1216513,2020,04-10-2020,179,4,Chennai Super Kings,0,35.8,1,11,9,6,0,6,0
1216514,2020,03-10-2020,155,6,Royal Challengers Bengaluru,0,22.142857142857142,1,0,32,7,8,7,0
1216515,2020,03-10-2020,229,4,Delhi Capitals,1,45.8,0,30,31,1,3,3,1
1216516,2020,02-10-2020,165,5,Sunrisers Hyderabad,0,27.5,0,11,9,9,0,9,0
1216518,2020,22-10-2020,155,6,Sunrisers Hyderabad,0,22.142857142857142,1,11,9,7,9,9,1
1216519,2020,05-10-2020,197,4,Delhi Capitals,1,39.4,0,11,9,1,8,8,1
1216520,2020,26-10-2020,150,9,Punjab Kings,0,15.0,1,30,31,3,6,6,1
1216521,2020,23-10-2020,115,9,Mumbai Indians,0,11.5,1,30,31,0,5,5,1
1216522,2020,17-10-2020,178,6,Royal Challengers Bengaluru,0,25.428571428571427,1,11,9,7,8,7,0
1216523,2020,10-10-2020,165,6,Kolkata Knight Riders,0,23.571428571428573,0,0,32,3,6,3,0
1216524,2020,27-10-2020,220,2,Sunrisers Hyderabad,1,73.33333333333333,0,11,9,9,1,1,1
1216525,2020,10-10-2020,170,4,Royal Challengers Bengaluru,0,34.0,0,11,9,8,0,8,0
1216526,2020,16-10-2020,149,5,Mumbai Indians,0,24.833333333333332,1,0,32,3,5,3,0
1216527,2020,27-09-2020,224,2,Rajasthan Royals,1,74.66666666666667,1,30,31,6,7,7,1
1216528,2020,13-10-2020,168,6,Chennai Super Kings,0,24.0,0,11,9,0,9,0,0
1216529,2020,11-10-2020,163,4,Mumbai Indians,0,32.6,1,0,32,1,5,1,0
1216530,2020,01-11-2020,192,7,Kolkata Knight Riders,1,24.0,0,11,9,3,7,7,1
1216531,2020,15-10-2020,172,6,Punjab Kings,0,24.571428571428573,1,30,31,8,6,8,0
1216532,2020,29-09-2020,163,4,Sunrisers Hyderabad,0,32.6,0,0,32,9,1,1,1
1216533,2020,19-10-2020,126,5,Rajasthan Royals,0,21.0,1,0,32,0,7,0,0
1216534,2020,21-09-2020,164,5,Royal Challengers Bengaluru,0,27.333333333333332,0,11,9,8,9,9,1
1216535,2020,31-10-2020,111,9,Mumbai Indians,0,11.1,1,11,9,1,5,5,1
1216536,2020,29-10-2020,173,5,Chennai Super Kings,0,28.833333333333332,1,11,9,3,0,0,1
1216537,2020,30-10-2020,186,4,Rajasthan Royals,0,37.2,1,0,32,6,7,7,1
1216538,2020,04-10-2020,209,5,Mumbai Indians,1,34.833333333333336,0,30,31,5,9,5,0
1216539,2020,25-09-2020,176,3,Delhi Capitals,0,44.0,0,11,9,1,0,0,1
1216540,2020,12-10-2020,195,2,Royal Challengers Bengaluru,1,65.0,0,30,31,8,3,8,0
1216541,2020,25-10-2020,196,5,Rajasthan Royals,1,32.666666666666664,1,0,32,5,7,5,0
1216542,2020,08-10-2020,202,6,Sunrisers Hyderabad,1,28.857142857142858,0,11,9,9,6,9,0
1216543,2020,14-10-2020,162,7,Delhi Capitals,0,20.25,0,11,9,1,7,1,0
1216544,2020,25-10-2020,146,6,Chennai Super Kings,0,20.857142857142858,1,11,9,8,0,8,0
1216545,2020,26-09-2020,143,4,Kolkata Knight Riders,0,28.6,1,0,32,9,3,9,0
1216546,2020,20-10-2020,165,5,Punjab Kings,0,27.5,1,11,9,1,6,1,0
1237177,2020,05-11-2020,201,5,Mumbai Indians,1,33.5,0,11,9,5,1,1,1
1237178,2020,06-11-2020,132,7,Sunrisers Hyderabad,0,16.5,1,0,32,8,9,9,1
1237180,2020,08-11-2020,190,3,Delhi Capitals,1,47.5,0,0,32,1,9,1,0
1237181,2020,10-11-2020,157,7,Mumbai Indians,0,19.625,1,11,9,1,5,1,0
1254058,2021,09-04-2021,160,9,Royal Challengers Bengaluru,0,16.0,1,7,18,5,8,8,1
1254059,2021,10-04-2021,189,7,Delhi Capitals,0,23.625,1,23,37,0,1,1,1
1254060,2021,11-04-2021,188,6,Kolkata Knight Riders,0,26.857142857142858,0,7,18,3,9,9,1
1254061,2021,12-04-2021,222,6,Punjab Kings,1,31.714285714285715,0,23,37,6,7,7,1
1254062,2021,13-04-2021,153,10,Mumbai Indians,0,13.909090909090908,0,7,18,5,3,3,1
1254063,2021,14-04-2021,150,8,Royal Challengers Bengaluru,0,16.666666666666668,0,7,18,8,9,9,1
1254064,2021,15-04-2021,148,8,Rajasthan Royals,0,16.444444444444443,1,23,37,1,7,7,1
1254065,2021,16-04-2021,107,8,Chennai Super Kings,0,11.88888888888889,1,23,37,6,0,0,1
1254066,2021,17-04-2021,151,5,Mumbai Indians,0,25.166666666666668,0,7,18,5,9,5,0
1254067,2021,18-04-2021,205,4,Royal Challengers Bengaluru,1,41.0,0,7,18,8,3,8,0
1254068,2021,18-04-2021,196,4,Delhi Capitals,1,39.2,1,23,37,6,1,1,1
1254069,2021,19-04-2021,189,9,Chennai Super Kings,0,18.9,0,23,37,0,7,7,1
1254070,2021,20-04-2021,138,9,Delhi Capitals,0,13.8,1,7,18,5,1,5,0
1254071,2021,21-04-2021,121,10,Sunrisers Hyderabad,0,11.0,1,7,18,6,9,6,0
1254072,2021,21-04-2021,221,3,Chennai Super Kings,1,55.25,0,23,37,0,3,3,1
1254073,2021,22-04-2021,178,9,Royal Challengers Bengaluru,0,17.8,1,23,37,7,8,8,1
1254074,2021,23-04-2021,132,6,Punjab Kings,0,18.857142857142858,1,7,18,5,6,6,1
1254075,2021,24-04-2021,134,9,Rajasthan Royals,0,13.4,1,23,37,3,7,7,1
1254076,2021,25-04-2021,192,4,Chennai Super Kings,1,38.4,0,23,37,0,8,0,0
1254078,2021,26-04-2021,124,9,Kolkata Knight Riders,0,12.4,1,1,21,6,3,3,1
1254079,2021,27-04-2021,172,5,Royal Challengers Bengaluru,0,28.666666666666668,0,1,21,8,1,1,1
1254080,2021,28-04-2021,172,3,Chennai Super Kings,0,43.0,1,9,0,9,0,9,0
1254081,2021,29-04-2021,172,4,Mumbai Indians,0,34.4,1,9,0,7,5,5,1
1254082,2021,29-04-2021,155,6,Delhi Capitals,0,22.142857142857142,1,1,21,3,1,1,1
1254083,2021,30-04-2021,180,5,Punjab Kings,0,30.0,0,1,21,6,8,8,1
1254084,2021,01-05-2021,219,4,Mumbai Indians,1,43.8,1,9,0,0,5,5,1
1254085,2021,02-05-2021,221,3,Rajasthan Royals,1,55.25,0,9,0,7,9,9,1
1254086,2021,02-05-2021,167,6,Delhi Capitals,0,23.857142857142858,1,1,21,6,1,1,1
1254087,2021,20-09-2021,93,10,Kolkata Knight Riders,0,8.454545454545455,1,0,38,8,3,8,0
1254088,2021,08-10-2021,236,9,Mumbai Indians,1,23.6,0,0,38,5,9,5,0
1254089,2021,02-10-2021,190,4,Rajasthan Royals,1,38.0,1,0,38,0,7,7,1
1254090,2021,03-10-2021,165,7,Royal Challengers Bengaluru,0,20.625,0,30,31,8,6,8,0
1254091,2021,30-09-2021,135,7,Chennai Super Kings,0,16.875,1,30,31,9,0,0,1
1254092,2021,28-09-2021,128,9,Kolkata Knight Riders,0,12.8,1,30,31,1,3,3,1
1254093,2021,05-10-2021,91,9,Mumbai Indians,0,9.1,1,30,31,7,5,5,1
1254094,2021,07-10-2021,135,6,Punjab Kings,0,19.285714285714285,1,11,9,0,6,6,1
1254095,2021,06-10-2021,142,7,Sunrisers Hyderabad,0,17.75,0,0,38,9,8,8,1
1254096,2021,23-09-2021,156,6,Kolkata Knight Riders,0,22.285714285714285,1,0,38,5,3,3,1
1254097,2021,25-09-2021,155,6,Delhi Capitals,0,22.142857142857142,0,0,38,1,7,7,1
1254098,2021,26-09-2021,172,6,Chennai Super Kings,0,24.571428571428573,1,0,38,3,0,3,0
1254099,2021,28-09-2021,136,6,Mumbai Indians,0,19.428571428571427,1,0,38,6,5,5,1
1254100,2021,27-09-2021,165,5,Sunrisers Hyderabad,0,27.5,1,11,9,7,9,7,0
1254101,2021,08-10-2021,165,5,Royal Challengers Bengaluru,0,27.5,1,11,9,1,8,8,1
1254102,2021,01-10-2021,166,7,Punjab Kings,0,20.75,1,11,9,3,6,6,1
1254103,2021,29-09-2021,150,9,Royal Challengers Bengaluru,0,15.0,1,11,9,7,8,8,1
1254104,2021,19-09-2021,157,7,Chennai Super Kings,0,19.625,0,11,9,0,5,0,0
1254105,2021,22-09-2021,135,9,Delhi Capitals,0,13.5,1,11,9,9,1,9,0
1254106,2021,07-10-2021,172,4,Kolkata Knight Riders,0,34.4,0,30,31,3,7,7,1
1254107,2021,25-09-2021,126,7,Punjab Kings,0,15.75,0,30,31,6,9,9,1
1254108,2021,26-09-2021,166,6,Royal Challengers Bengaluru,0,23.714285714285715,0,11,9,8,5,5,1
1254109,2021,03-10-2021,116,8,Kolkata Knight Riders,0,12.88888888888889,1,11,9,9,3,9,0
1254110,2021,04-10-2021,137,5,Delhi Capitals,0,22.833333333333332,1,11,9,0,1,1,1
1254111,2021,21-09-2021,186,10,Rajasthan Royals,0,16.90909090909091,0,11,9,7,6,6,1
1254112,2021,02-10-2021,130,8,Delhi Capitals,0,14.444444444444445,1,30,31,5,1,1,1
1254113,2021,24-09-2021,157,6,Chennai Super Kings,0,22.428571428571427,1,30,31,8,0,0,1
1254114,2021,10-10-2021,173,5,Chennai Super Kings,0,28.833333333333332,1,11,9,1,0,0,1
1254115,2021,11-10-2021,139,7,Kolkata Knight Riders,0,17.375,1,30,31,8,3,8,0
1254116,2021,13-10-2021,136,5,Kolkata Knight Riders,0,22.666666666666668,1,30,31,1,3,3,1
1254117,2021,15-10-2021,193,3,Chennai Super Kings,1,48.25,0,11,9,0,3,3,1
1304047,2022,26-03-2022,132,5,Kolkata Knight Riders,0,22.0,1,23,37,0,3,3,1
1304048,2022,27-03-2022,178,5,Delhi Capitals,0,29.666666666666668,1,23,4,5,1,1,1
1304049,2022,27-03-2022,206,2,Punjab Kings,1,68.66666666666667,1,23,7,8,6,6,1
1304050,2022,28-03-2022,159,6,Gujarat Titans,0,22.714285714285715,1,23,37,4,2,2,1
1304051,2022,29-03-2022,211,6,Rajasthan Royals,1,30.142857142857142,0,27,20,7,9,9,1
1304052,2022,30-03-2022,129,10,Royal Challengers Bengaluru,0,11.727272727272727,1,23,7,3,8,8,1
1304053,2022,31-03-2022,211,7,Lucknow Super Giants,1,26.375,1,23,4,0,4,4,1
1304054,2022,01-04-2022,138,10,Kolkata Knight Riders,0,12.545454545454545,1,23,37,6,3,3,1
1304055,2022,02-04-2022,194,8,Rajasthan Royals,1,21.555555555555557,0,23,7,7,5,5,1
1304056,2022,02-04-2022,172,6,Gujarat Titans,0,24.571428571428573,0,27,20,2,1,1,1
1304057,2022,03-04-2022,181,8,Punjab Kings,0,20.11111111111111,0,23,4,6,0,0,1
1304058,2022,04-04-2022,170,7,Lucknow Super Giants,0,21.25,0,23,7,4,9,9,1
1304059,2022,05-04-2022,170,3,Royal Challengers Bengaluru,0,42.5,1,23,37,7,8,8,1
1304060,2022,06-04-2022,162,4,Kolkata Knight Riders,0,32.4,1,27,20,5,3,3,1
1304061,2022,07-04-2022,150,3,Lucknow Super Giants,0,37.5,1,23,7,1,4,4,1
1304062,2022,08-04-2022,190,9,Gujarat Titans,1,19.0,1,23,4,6,2,2,1
1304063,2022,09-04-2022,155,7,Sunrisers Hyderabad,0,19.375,1,23,7,0,9,9,1
1304064,2022,09-04-2022,152,6,Royal Challengers Bengaluru,0,21.714285714285715,1,27,20,5,8,8,1
1304065,2022,10-04-2022,216,5,Delhi Capitals,1,36.0,0,23,4,1,3,3,1
1304066,2022,10-04-2022,166,6,Rajasthan Royals,0,23.714285714285715,0,23,37,7,4,4,1
1304067,2022,11-04-2022,163,7,Sunrisers Hyderabad,0,20.375,1,23,7,2,9,9,1
1304068,2022,12-04-2022,217,4,Chennai Super Kings,1,43.4,0,23,7,0,8,8,1
1304069,2022,13-04-2022,199,5,Punjab Kings,1,33.166666666666664,0,27,20,6,5,5,1
1304070,2022,14-04-2022,193,4,Gujarat Titans,1,38.6,0,23,7,2,7,7,1
1304071,2022,15-04-2022,176,8,Sunrisers Hyderabad,0,19.555555555555557,1,23,4,3,9,9,1
1304072,2022,16-04-2022,200,4,Lucknow Super Giants,1,40.0,0,23,4,4,5,5,1
1304073,2022,16-04-2022,190,5,Royal Challengers Bengaluru,1,31.666666666666668,0,23,37,8,1,1,1
1304074,2022,17-04-2022,152,10,Sunrisers Hyderabad,0,13.818181818181818,1,23,7,6,9,9,1
1304075,2022,17-04-2022,170,5,Gujarat Titans,0,28.333333333333332,1,27,20,0,2,2,1
1304076,2022,18-04-2022,218,5,Rajasthan Royals,1,36.333333333333336,0,23,4,7,3,3,1
1304077,2022,19-04-2022,182,6,Royal Challengers Bengaluru,0,26.0,0,23,7,8,4,4,1
1304078,2022,20-04-2022,116,10,Delhi Capitals,0,10.545454545454545,1,23,4,6,1,1,1
1304079,2022,21-04-2022,156,7,Chennai Super Kings,0,19.5,1,25,7,5,0,0,1
1304080,2022,22-04-2022,223,2,Rajasthan Royals,1,74.33333333333333,0,23,37,7,1,1,1
1304081,2022,23-04-2022,157,9,Gujarat Titans,0,15.7,0,25,7,2,3,2,0
1304082,2022,23-04-2022,69,10,Sunrisers Hyderabad,0,6.2727272727272725,1,23,4,8,9,9,1
1304083,2022,24-04-2022,169,6,Lucknow Super Giants,0,24.142857142857142,0,23,37,4,5,5,1
1304084,2022,25-04-2022,188,4,Punjab Kings,0,37.6,0,23,37,6,0,0,1
1304085,2022,26-04-2022,145,8,Rajasthan Royals,0,16.11111111111111,0,27,20,7,8,8,1
1304086,2022,27-04-2022,196,6,Gujarat Titans,1,28.0,1,23,37,9,2,2,1
1304087,2022,28-04-2022,147,9,Delhi Capitals,0,14.7,1,23,37,3,1,1,1
1304088,2022,29-04-2022,154,8,Lucknow Super Giants,0,17.11111111111111,0,27,20,4,6,6,1
1304089,2022,30-04-2022,171,6,Gujarat Titans,0,24.428571428571427,1,23,4,8,2,8,0
1304090,2022,30-04-2022,159,6,Mumbai Indians,0,22.714285714285715,1,25,7,7,5,5,1
1304091,2022,01-05-2022,196,3,Lucknow Super Giants,1,49.0,0,23,37,4,1,4,0
1304092,2022,01-05-2022,203,2,Chennai Super Kings,1,67.66666666666667,0,27,20,0,9,9,1
1304093,2022,02-05-2022,153,5,Kolkata Knight Riders,0,25.5,1,23,37,7,3,3,1
1304094,2022,03-05-2022,144,8,Punjab Kings,0,16.0,1,25,7,2,6,2,0
1304095,2022,04-05-2022,174,8,Royal Challengers Bengaluru,0,19.333333333333332,0,27,20,8,0,0,1
1304096,2022,05-05-2022,208,3,Delhi Capitals,1,52.0,0,23,4,1,9,9,1
1304097,2022,06-05-2022,178,6,Mumbai Indians,0,25.428571428571427,0,23,4,5,2,2,1
1304098,2022,07-05-2022,190,5,Rajasthan Royals,1,31.666666666666668,1,23,37,6,7,6,0
1304099,2022,07-05-2022,177,7,Lucknow Super Giants,0,22.125,0,27,20,4,3,3,1
1304100,2022,08-05-2022,193,3,Royal Challengers Bengaluru,1,48.25,0,23,37,8,9,8,0
1304101,2022,08-05-2022,209,6,Chennai Super Kings,1,29.857142857142858,0,25,7,0,1,1,1
1304102,2022,09-05-2022,166,9,Kolkata Knight Riders,0,16.6,0,25,7,3,5,5,1
1304103,2022,10-05-2022,145,4,Gujarat Titans,0,29.0,0,27,20,2,4,2,0
1304104,2022,11-05-2022,161,6,Delhi Capitals,0,23.0,1,25,7,7,1,1,1
1304105,2022,12-05-2022,98,10,Mumbai Indians,0,8.909090909090908,1,23,37,0,5,5,1
1304106,2022,13-05-2022,210,9,Punjab Kings,1,21.0,0,23,4,6,8,8,1
1304107,2022,14-05-2022,178,6,Kolkata Knight Riders,0,25.428571428571427,0,27,20,3,9,3,0
1304108,2022,15-05-2022,134,5,Gujarat Titans,0,22.333333333333332,1,23,37,0,2,0,0
1304109,2022,15-05-2022,179,6,Rajasthan Royals,0,25.571428571428573,0,23,4,7,4,7,0
1304110,2022,16-05-2022,160,7,Delhi Capitals,0,20.0,0,25,7,1,6,6,1
1304111,2022,17-05-2022,194,6,Sunrisers Hyderabad,1,27.714285714285715,0,23,37,9,5,5,1
1304112,2022,18-05-2022,211,0,Lucknow Super Giants,1,211.0,0,25,7,4,3,4,0
1304113,2022,19-05-2022,169,5,Royal Challengers Bengaluru,0,28.166666666666668,1,23,37,2,8,2,0
1304114,2022,20-05-2022,151,6,Rajasthan Royals,0,21.571428571428573,1,23,4,0,7,0,0
1304115,2022,21-05-2022,160,7,Mumbai Indians,0,20.0,1,23,37,1,5,5,1
1304116,2022,22-05-2022,158,8,Punjab Kings,0,17.555555555555557,1,23,37,9,6,9,0
1312197,2022,24-05-2022,189,6,Gujarat Titans,0,27.0,1,20,10,7,2,2,1
1312198,2022,25-05-2022,208,4,Royal Challengers Bengaluru,1,41.6,0,20,10,8,4,4,1
1312199,2022,27-05-2022,158,8,Rajasthan Royals,0,17.555555555555557,1,1,21,8,7,7,1
1312200,2022,29-05-2022,131,9,Gujarat Titans,0,13.1,1,1,21,7,2,7,0
1359475,2023,31-03-2023,179,7,Gujarat Titans,0,22.375,1,1,21,0,2,2,1
1359476,2023,01-04-2023,154,5,Punjab Kings,0,25.666666666666668,0,6,25,6,3,3,1
1359477,2023,01-04-2023,194,6,Lucknow Super Giants,1,27.714285714285715,0,21,3,4,1,1,1
1359478,2023,02-04-2023,204,5,Rajasthan Royals,1,34.0,0,15,27,7,9,9,1
1359479,2023,02-04-2023,172,7,Royal Challengers Bengaluru,0,21.5,1,2,16,5,8,8,1
1359480,2023,03-04-2023,218,7,Chennai Super Kings,1,27.25,0,7,18,0,4,4,1
1359481,2023,04-04-2023,163,8,Gujarat Titans,0,18.11111111111111,1,9,0,1,2,2,1
1359482,2023,05-04-2023,198,5,Punjab Kings,1,33.0,0,14,2,6,7,7,1
1359483,2023,06-04-2023,205,7,Kolkata Knight Riders,1,25.625,0,20,10,3,8,8,1
1359484,2023,07-04-2023,122,8,Lucknow Super Giants,0,13.555555555555555,1,21,3,9,4,9,0
1359485,2023,08-04-2023,200,4,Rajasthan Royals,1,40.0,0,14,2,7,1,1,1
1359486,2023,08-04-2023,158,8,Chennai Super Kings,0,17.555555555555557,1,23,37,5,0,0,1
1359487,2023,09-04-2023,205,4,Kolkata Knight Riders,1,41.0,1,1,21,2,3,2,0
1359488,2023,09-04-2023,144,9,Sunrisers Hyderabad,0,14.4,1,15,27,6,9,9,1
1359489,2023,10-04-2023,213,2,Lucknow Super Giants,1,71.0,1,2,16,8,4,4,1
1359490,2023,11-04-2023,173,10,Mumbai Indians,0,15.727272727272727,1,9,0,1,5,5,1
1359491,2023,12-04-2023,176,8,Rajasthan Royals,0,19.555555555555557,0,7,18,7,0,0,1
1359492,2023,13-04-2023,154,8,Gujarat Titans,0,17.11111111111111,1,6,25,6,2,2,1
1359493,2023,14-04-2023,229,4,Sunrisers Hyderabad,1,45.8,0,20,10,9,3,3,1
1359494,2023,15-04-2023,175,6,Royal Challengers Bengaluru,0,25.0,0,2,16,8,1,1,1
1359495,2023,15-04-2023,160,8,Punjab Kings,0,17.77777777777778,1,21,3,4,6,6,1
1359496,2023,16-04-2023,186,6,Mumbai Indians,0,26.571428571428573,1,23,37,3,5,5,1
1359497,2023,16-04-2023,178,7,Rajasthan Royals,0,22.25,1,1,21,2,7,7,1
1359498,2023,17-04-2023,227,6,Chennai Super Kings,1,32.42857142857143,0,2,16,0,8,8,1
1359499,2023,18-04-2023,193,5,Mumbai Indians,1,32.166666666666664,0,15,27,5,9,9,1
1359500,2023,19-04-2023,155,7,Lucknow Super Giants,0,19.375,0,17,29,4,7,7,1
1359501,2023,20-04-2023,175,4,Royal Challengers Bengaluru,0,35.0,0,6,25,8,6,6,1
1359502,2023,20-04-2023,128,10,Delhi Capitals,0,11.636363636363637,1,9,0,3,1,1,1
1359503,2023,21-04-2023,135,7,Chennai Super Kings,0,16.875,1,7,18,9,0,0,1
1359504,2023,22-04-2023,136,6,Gujarat Titans,0,19.428571428571427,0,21,3,2,4,2,0
1359505,2023,22-04-2023,215,8,Punjab Kings,1,23.88888888888889,0,23,37,6,5,5,1
1359506,2023,23-04-2023,190,9,Royal Challengers Bengaluru,1,19.0,0,2,16,8,7,7,1
1359507,2023,23-04-2023,236,4,Chennai Super Kings,1,47.2,0,20,10,0,3,3,1
1359508,2023,24-04-2023,145,9,Delhi Capitals,0,14.5,0,15,27,1,9,1,0
1359509,2023,25-04-2023,208,6,Gujarat Titans,1,29.714285714285715,0,1,21,2,5,5,1
1359510,2023,26-04-2023,201,5,Kolkata Knight Riders,1,33.5,0,2,16,3,8,8,1
1359511,2023,27-04-2023,203,5,Rajasthan Royals,1,33.833333333333336,0,17,29,7,0,7,0
1359512,2023,28-04-2023,258,5,Lucknow Super Giants,1,43.0,0,6,25,4,6,6,1
1359513,2023,29-04-2023,180,7,Gujarat Titans,0,22.5,1,20,10,3,2,2,1
1359514,2023,29-04-2023,198,6,Sunrisers Hyderabad,1,28.285714285714285,0,9,0,9,1,9,0
1359515,2023,30-04-2023,201,4,Punjab Kings,1,40.2,1,7,18,0,6,0,0
1359516,2023,30-04-2023,213,7,Mumbai Indians,1,26.625,1,23,37,7,5,7,0
1359517,2023,01-05-2023,127,9,Royal Challengers Bengaluru,0,12.7,0,21,3,8,4,8,0
1359518,2023,02-05-2023,131,8,Delhi Capitals,0,14.555555555555555,0,1,21,1,2,1,0
1359520,2023,03-05-2023,215,3,Mumbai Indians,1,53.75,1,6,25,6,5,5,1
1359521,2023,04-05-2023,172,9,Kolkata Knight Riders,0,17.2,0,15,27,3,9,3,0
1359522,2023,05-05-2023,119,10,Gujarat Titans,0,10.818181818181818,1,17,29,7,2,7,0
1359523,2023,06-05-2023,140,8,Chennai Super Kings,0,15.555555555555555,1,7,18,5,0,0,1
1359524,2023,06-05-2023,182,4,Delhi Capitals,0,36.4,1,9,0,8,1,8,0
1359525,2023,07-05-2023,228,2,Gujarat Titans,1,76.0,0,1,21,2,4,4,1
1359526,2023,07-05-2023,215,2,Sunrisers Hyderabad,1,71.66666666666667,1,17,29,7,9,7,0
1359527,2023,08-05-2023,180,7,Kolkata Knight Riders,0,22.5,1,20,10,6,3,6,0
1359528,2023,09-05-2023,200,6,Mumbai Indians,1,28.571428571428573,1,23,37,8,5,5,1
1359529,2023,10-05-2023,168,8,Chennai Super Kings,0,18.666666666666668,0,7,18,0,1,0,0
1359530,2023,11-05-2023,150,8,Rajasthan Royals,0,16.666666666666668,1,20,10,3,7,7,1
1359531,2023,12-05-2023,219,5,Mumbai Indians,1,36.5,0,23,37,5,2,2,1
1359532,2023,13-05-2023,183,6,Lucknow Super Giants,0,26.142857142857142,1,15,27,9,4,9,0
1359533,2023,13-05-2023,168,7,Punjab Kings,0,21.0,0,9,0,6,1,1,1
1359534,2023,14-05-2023,172,5,Royal Challengers Bengaluru,0,28.666666666666668,0,17,29,8,7,8,0
1359535,2023,14-05-2023,145,6,Kolkata Knight Riders,0,20.714285714285715,1,7,18,0,3,0,0
1359536,2023,15-05-2023,189,9,Gujarat Titans,0,18.9,0,1,21,2,9,9,1
1359537,2023,16-05-2023,178,4,Lucknow Super Giants,0,35.6,0,21,3,4,5,5,1
1359538,2023,17-05-2023,214,2,Delhi Capitals,1,71.33333333333333,0,10,12,1,6,6,1
1359539,2023,18-05-2023,187,5,Royal Challengers Bengaluru,0,31.166666666666668,1,15,27,9,8,8,1
1359540,2023,19-05-2023,188,5,Rajasthan Royals,0,31.333333333333332,1,10,12,6,7,7,1
1359541,2023,20-05-2023,224,3,Chennai Super Kings,1,56.0,0,9,0,0,1,0,0
1359542,2023,20-05-2023,177,8,Lucknow Super Giants,0,19.666666666666668,0,20,10,4,3,3,1
1359543,2023,21-05-2023,201,5,Mumbai Indians,1,33.5,1,23,37,9,5,5,1
1359544,2023,21-05-2023,198,5,Gujarat Titans,1,33.0,1,2,16,8,2,2,1
1370350,2023,23-05-2023,173,7,Chennai Super Kings,0,21.625,0,7,18,0,2,2,1
1370351,2023,24-05-2023,183,8,Mumbai Indians,0,20.333333333333332,0,7,18,5,4,5,0
1370352,2023,26-05-2023,234,3,Gujarat Titans,1,58.5,0,1,21,2,5,5,1
1370353,2023,29-05-2023,171,4,Chennai Super Kings,0,34.2,1,1,21,2,0,0,1
1422119,2024,22-03-2024,174,6,Chennai Super Kings,0,24.857142857142858,1,7,18,8,0,8,0
1422120,2024,23-03-2024,175,9,Punjab Kings,0,17.5,1,22,19,1,6,6,1
1422121,2024,23-03-2024,209,7,Kolkata Knight Riders,1,26.125,0,20,10,3,9,9,1
1422122,2024,24-03-2024,194,4,Rajasthan Royals,1,38.8,0,17,29,7,4,7,0
1422123,2024,24-03-2024,169,6,Gujarat Titans,0,24.142857142857142,0,1,21,2,5,5,1
1422124,2024,25-03-2024,177,6,Royal Challengers Bengaluru,0,25.285714285714285,1,2,16,6,8,8,1
1422125,2024,26-03-2024,207,6,Chennai Super Kings,1,29.571428571428573,0,7,18,0,2,2,1
1422126,2024,27-03-2024,278,3,Sunrisers Hyderabad,1,69.5,0,15,27,9,5,5,1
1422127,2024,28-03-2024,186,5,Rajasthan Royals,0,31.0,0,17,29,7,1,1,1
1422128,2024,29-03-2024,183,6,Kolkata Knight Riders,0,26.142857142857142,1,2,16,8,3,3,1
1422129,2024,30-03-2024,200,8,Lucknow Super Giants,1,22.22222222222222,0,21,3,4,6,4,0
1422130,2024,31-03-2024,163,8,Gujarat Titans,0,18.11111111111111,1,1,21,9,2,9,0
1422131,2024,31-03-2024,192,5,Delhi Capitals,1,32.0,0,31,8,1,0,1,0
1422132,2024,01-04-2024,126,9,Rajasthan Royals,0,12.6,1,23,37,5,7,7,1
1422133,2024,02-04-2024,182,5,Lucknow Super Giants,0,30.333333333333332,0,2,16,4,8,8,1
1422134,2024,03-04-2024,273,7,Kolkata Knight Riders,1,34.125,0,31,8,3,1,3,0
1422135,2024,04-04-2024,200,4,Punjab Kings,1,40.0,1,1,21,2,6,6,1
1422136,2024,05-04-2024,166,5,Sunrisers Hyderabad,0,27.666666666666668,1,15,27,0,9,9,1
1422137,2024,06-04-2024,184,3,Rajasthan Royals,0,46.0,1,17,29,8,7,7,1
1422138,2024,07-04-2024,235,5,Mumbai Indians,1,39.166666666666664,0,23,37,5,1,1,1
1422139,2024,07-04-2024,164,5,Lucknow Super Giants,0,27.333333333333332,0,21,3,4,2,4,0
1426260,2024,08-04-2024,138,9,Chennai Super Kings,0,13.8,1,7,18,3,0,0,1
1426261,2024,09-04-2024,183,9,Sunrisers Hyderabad,0,18.3,0,22,19,9,6,6,1
1426262,2024,10-04-2024,197,3,Gujarat Titans,1,49.25,1,17,29,7,2,2,1
1426263,2024,11-04-2024,197,8,Mumbai Indians,1,21.88888888888889,1,23,37,8,5,5,1
1426264,2024,12-04-2024,168,7,Delhi Capitals,0,21.0,1,21,3,4,1,4,0
1426265,2024,13-04-2024,148,8,Rajasthan Royals,0,16.444444444444443,1,22,19,6,7,7,1
1426266,2024,14-04-2024,162,7,Kolkata Knight Riders,0,20.25,1,20,10,4,3,3,1
1426267,2024,14-04-2024,207,4,Chennai Super Kings,1,41.4,0,23,37,0,5,5,1
1426268,2024,15-04-2024,288,3,Sunrisers Hyderabad,1,72.0,0,2,16,9,8,8,1
1426269,2024,16-04-2024,224,6,Rajasthan Royals,1,32.0,1,20,10,3,7,7,1
1426270,2024,17-04-2024,90,10,Delhi Capitals,0,8.181818181818182,1,1,21,2,1,1,1
1426271,2024,18-04-2024,193,7,Mumbai Indians,1,24.125,0,22,19,5,6,6,1
1426272,2024,19-04-2024,177,6,Lucknow Super Giants,0,25.285714285714285,1,21,3,0,4,4,1
1426273,2024,20-04-2024,267,7,Sunrisers Hyderabad,1,33.375,0,9,0,9,1,1,1
1426274,2024,21-04-2024,223,6,Kolkata Knight Riders,1,31.857142857142858,0,20,10,3,8,8,1
1426275,2024,21-04-2024,143,10,Gujarat Titans,0,13.0,1,22,19,6,2,6,0
1426276,2024,22-04-2024,180,9,Rajasthan Royals,0,18.0,1,17,29,5,7,5,0
1426277,2024,23-04-2024,211,4,Lucknow Super Giants,1,42.2,1,7,18,0,4,4,1
1426278,2024,24-04-2024,225,4,Delhi Capitals,1,45.0,0,9,0,1,2,2,1
1426279,2024,25-04-2024,207,7,Royal Challengers Bengaluru,1,25.875,0,15,27,8,9,8,0
1426280,2024,26-04-2024,262,6,Punjab Kings,1,37.42857142857143,1,20,10,3,6,6,1
1426281,2024,27-04-2024,258,4,Delhi Capitals,1,51.6,0,9,0,1,5,5,1
1426282,2024,27-04-2024,197,5,Rajasthan Royals,1,32.833333333333336,1,21,3,4,7,7,1
1426283,2024,28-04-2024,201,3,Royal Challengers Bengaluru,1,50.25,1,1,21,2,8,8,1
1426284,2024,28-04-2024,213,3,Chennai Super Kings,1,53.25,0,7,18,0,9,9,1
1426285,2024,29-04-2024,154,9,Kolkata Knight Riders,0,15.4,1,20,10,1,3,1,0
1426286,2024,30-04-2024,145,7,Lucknow Super Giants,0,18.125,1,21,3,5,4,4,1
1426287,2024,01-05-2024,163,7,Punjab Kings,0,20.375,1,7,18,0,6,6,1
1426288,2024,02-05-2024,202,3,Sunrisers Hyderabad,1,50.5,0,15,27,9,7,9,0
1426289,2024,03-05-2024,170,10,Kolkata Knight Riders,0,15.454545454545455,0,23,37,3,5,5,1
1426290,2024,04-05-2024,148,10,Royal Challengers Bengaluru,0,13.454545454545455,1,2,16,2,8,8,1
1426291,2024,05-05-2024,168,9,Chennai Super Kings,0,16.8,0,10,12,0,6,6,1
1426292,2024,05-05-2024,236,6,Kolkata Knight Riders,1,33.714285714285715,0,21,3,3,4,4,1
1426293,2024,06-05-2024,174,8,Mumbai Indians,0,19.333333333333332,1,23,37,9,5,5,1
1426294,2024,07-05-2024,222,8,Delhi Capitals,1,24.666666666666668,0,9,0,1,7,7,1
1426295,2024,08-05-2024,166,4,Sunrisers Hyderabad,0,33.2,1,15,27,4,9,4,0
1426296,2024,09-05-2024,242,7,Royal Challengers Bengaluru,1,30.25,0,10,12,8,6,6,1
1426297,2024,10-05-2024,232,3,Gujarat Titans,1,58.0,0,1,21,2,0,0,1
1426298,2024,11-05-2024,158,7,Kolkata Knight Riders,0,19.75,0,20,10,3,5,5,1
1426299,2024,12-05-2024,142,5,Chennai Super Kings,0,23.666666666666668,1,7,18,7,0,7,0
1426300,2024,12-05-2024,188,9,Royal Challengers Bengaluru,0,18.8,0,2,16,8,1,1,1
1426302,2024,14-05-2024,209,4,Delhi Capitals,1,41.8,0,9,0,1,4,4,1
1426303,2024,15-05-2024,145,9,Punjab Kings,0,14.5,1,14,2,7,6,7,0
1426305,2024,17-05-2024,215,6,Lucknow Super Giants,1,30.714285714285715,0,23,37,4,5,5,1
1426306,2024,18-05-2024,219,5,Royal Challengers Bengaluru,1,36.5,0,2,16,8,0,0,1
1426307,2024,19-05-2024,215,5,Sunrisers Hyderabad,1,35.833333333333336,1,15,27,6,9,6,0
1426309,2024,21-05-2024,160,10,Kolkata Knight Riders,0,14.545454545454545,1,1,21,9,3,9,0
1426310,2024,22-05-2024,173,8,Rajasthan Royals,0,19.22222222222222,1,1,21,8,7,7,1
1426311,2024,24-05-2024,176,9,Sunrisers Hyderabad,0,17.6,0,7,18,9,7,7,1
1426312,2024,26-05-2024,114,10,Kolkata Knight Riders,0,10.363636363636363,1,7,18,9,3,9,0
